[{"model": "auth.user", "pk": 1, "fields": {"password": "pbkdf2_sha256$1000000$FoJx7q91Fe3pz9iwBifcJN$sn3Iy8jXSL4AcgujzJxUsIpzbCPYgpOoxL6ulGgn2hs=", "last_login": "2026-02-12T12:43:57.848Z", "is_superuser": true, "username": "admin", "first_name": "", "last_name": "", "email": "", "is_staff": true, "is_active": true, "date_joined": "2025-12-13T13:24:36.479Z", "groups": [], "user_permissions": []}}, {"model": "auth.user", "pk": 2, "fields": {"password": "pbkdf2_sha256$1000000$q0IX4IPZdE7XioMMFZgtyE$zoLJzSbTiPpIJpQ77xJEBNwMRobCERMC6u5NEDf+z4Q=", "last_login": "2026-02-12T12:39:32.771Z", "is_superuser": true, "username": "admin1", "first_name": "", "last_name": "", "email": "admin1@company.com", "is_staff": true, "is_active": true, "date_joined": "2026-02-04T20:20:44Z", "groups": [], "user_permissions": []}}, {"model": "auth.user", "pk": 8, "fields": {"password": "pbkdf2_sha256$1000000$K9Pgi2tvzjzsDvehiUkz9X$DjQcY88xlXVg/tZFa8q+DvHFa3ygUg0QBcx2nECqHIs=", "last_login": null, "is_superuser": false, "username": "admin2", "first_name": "", "last_name": "", "email": "admin2@company.com", "is_staff": false, "is_active": true, "date_joined": "2026-02-04T20:40:11.540Z", "groups": [], "user_permissions": []}}, {"model": "auth.user", "pk": 10, "fields": {"password": "pbkdf2_sha256$1000000$tRf6TO397KaCH8ShH2ydXh$mqkM0msIHhsjwpI69nKRR4fWFwezqY7nqURhRwIJUwc=", "last_login": null, "is_superuser": false, "username": "manish_p", "first_name": "", "last_name": "", "email": "manish@p.com", "is_staff": false, "is_active": true, "date_joined": "2026-02-04T20:52:35.671Z", "groups": [], "user_permissions": []}}, {"model": "auth.user", "pk": 11, "fields": {"password": "pbkdf2_sha256$1000000$jAhQogvXc61JdX2avs9ZEK$a3ixmBVsA/dNfBlH802fPOntUrTFUDqlSRnb70+wzoI=", "last_login": null, "is_superuser": false, "username": "anki_12", "first_name": "", "last_name": "", "email": "anki@sb.com", "is_staff": false, "is_active": true, "date_joined": "2026-02-07T09:23:54.648Z", "groups": [], "user_permissions": []}}, {"model": "auth.user", "pk": 12, "fields": {"password": "pbkdf2_sha256$1000000$oYu492skGdYEbUwLlJjmiR$4UJdb+FjcueeBgYC8DWrCNhoI69ET3bV/QJvLd7SzOA=", "last_login": null, "is_superuser": false, "username": "patrick_c", "first_name": "", "last_name": "", "email": "pat@c.com", "is_staff": false, "is_active": true, "date_joined": "2026-02-08T13:23:35.355Z", "groups": [], "user_permissions": []}}, {"model": "auth.user", "pk": 13, "fields": {"password": "pbkdf2_sha256$1000000$4dLehzQS8G3mzAfeRraRgq$wA5Li+EW0LXN+rBsiSD6kTb0Mx4Ej1AH/k+pbl5YeCU=", "last_login": null, "is_superuser": false, "username": "samson_j", "first_name": "", "last_name": "", "email": "sam@j.com", "is_staff": false, "is_active": true, "date_joined": "2026-02-12T10:07:09.960Z", "groups": [], "user_permissions": []}}, {"model": "sessions.session", "pk": "4iq7skoidjimppty6nib2rdl34iown3k", "fields": {"session_data": ".eJxVjEEOgjAQRe_StWk61JkWl-45QzOdKYIaSCisjHdXEha6_e-9_zKJt3VIWy1LGtVcDJjT75ZZHmXagd55us1W5mldxmx3xR602m7W8rwe7t_BwHX41pwFSw8es3ITIwhgS9CTa5BcRAqN84EyOoUSes_qM3GUs2gL6CSY9wfV8Ddl:1vbIrN:m9ReK9B7ePQHvvbzJQih6I3xPVEDMYt7MSWeyJRwI7A", "expire_date": "2026-01-15T13:37:01.642Z"}}, {"model": "sessions.session", "pk": "dhyi6wqrvn5x563ev60h3gs6wzi7vw6s", "fields": {"session_data": ".eJxVjMsOwiAQAP-FsyFsYYF69N5vIMsu2Kppkz5Oxn83JD3odWYyb5Xo2Md0bGVNk6irAnX5ZZn4WeYm5EHzfdG8zPs6Zd0SfdpND4uU1-1s_wYjbWPbOgEgdJWMNV5cYG84I2MsvcUOajDIwfpYoUcB4pKzcInQZUJrO_X5AtFYN7g:1vUPcD:PQ_najb6WESB4mLLA19L-aX_QggLv3i-f8Zyvxp5z_Y", "expire_date": "2025-12-27T13:24:53.805Z"}}, {"model": "sessions.session", "pk": "hkcy7veyllj3rhs6fba51yobi7tratw5", "fields": {"session_data": ".eJxVjEEOgjAQRe_StWk61JkWl-45QzOdKYIaSCisjHdXEha6_e-9_zKJt3VIWy1LGtVcDJjT75ZZHmXagd55us1W5mldxmx3xR602m7W8rwe7t_BwHX41pwFSw8es3ITIwhgS9CTa5BcRAqN84EyOoUSes_qM3GUs2gL6CSY9wfV8Ddl:1vgiwX:dkaC_2tK1saLP-HJ23zSM9JZKQWj76lCEvVZrVK1hR4", "expire_date": "2026-01-30T12:28:45.887Z"}}, {"model": "sessions.session", "pk": "qslgabczpvepybswvbfo0kc4qx91fma9", "fields": {"session_data": ".eJxVjEEOgjAQRe_StWk61JkWl-45QzOdKYIaSCisjHdXEha6_e-9_zKJt3VIWy1LGtVcDJjT75ZZHmXagd55us1W5mldxmx3xR602m7W8rwe7t_BwHX41pwFSw8es3ITIwhgS9CTa5BcRAqN84EyOoUSes_qM3GUs2gL6CSY9wfV8Ddl:1vqW33:dzUfhU7Qj4HNiRW6pWI3CTppj-_xfxFsLBG2brfCQlo", "expire_date": "2026-02-26T12:43:57.858Z"}}, {"model": "learning.employee", "pk": 1, "fields": {"name": "Subhankar Jadav", "email": "subhankarjadab@gmail.com", "tsr_role": "TSR-Fullstack", "department": "Digital", "experience_years": 2, "current_skills": "[\"React\", \"JavaScript\", \"Django\", \"REST APIs\", \"SQL\"]"}}, {"model": "learning.employee", "pk": 2, "fields": {"name": "Mohit Suri", "email": "mohit@su.com", "tsr_role": "TSR-Frontend", "department": "Engineering", "experience_years": 2, "current_skills": "[\"React\", \"Angular\", \"Bootstrap\", \"Redux\", \"Typescript\", \"HTML\", \"css\"]"}}, {"model": "learning.employee", "pk": 3, "fields": {"name": "Ankrish R", "email": "anki@sb.com", "tsr_role": "TSR-Cloud", "department": "ATM", "experience_years": 1, "current_skills": "[\"Azure\", \"CI/CD\", \"Kubernetes\"]"}}, {"model": "learning.employee", "pk": 4, "fields": {"name": "Finn Allen", "email": "finn@allen.com", "tsr_role": "TSR-Backend", "department": "H&I", "experience_years": 2, "current_skills": "[\"Django\", \"Flask\", \"GenAI\", \"Azure\"]"}}, {"model": "learning.employee", "pk": 5, "fields": {"name": "Manish Pandey", "email": "manish@p.com", "tsr_role": "TSR-Backend", "department": "Engineering", "experience_years": 2, "current_skills": "[\"Django\", \"JavaScript\", \"PostgreSQL\"]"}}, {"model": "learning.employee", "pk": 6, "fields": {"name": "Arjun Ram", "email": "arjun@ram.com", "tsr_role": "TSR-Banking", "department": "ATM", "experience_years": 2, "current_skills": "[\"Django\", \"Flask\", \"GenAI\", \"Azure\"]"}}, {"model": "learning.employee", "pk": 7, "fields": {"name": "Patrick Cummins", "email": "pat@c.com", "tsr_role": "TSR-Fullstack", "department": "Financial Service", "experience_years": 1, "current_skills": "[\"Django\", \"Flask\", \"GenAI\", \"Azure\"]"}}, {"model": "learning.employee", "pk": 8, "fields": {"name": "Samson Joshua", "email": "sam@j.com", "tsr_role": "TSR-CXT", "department": "ATM", "experience_years": 1, "current_skills": "[\"Azure\", \"CI/CD\", \"Kubernetes\", \"PowerApps\"]"}}, {"model": "learning.tsrskillprofile", "pk": 1, "fields": {"tsr_role": "TSR-Fullstack", "expected_skills": "{\r\n  \"core\": [\"React\", \"JavaScript\", \"Django\", \"REST APIs\", \"SQL\"],\r\n  \"nice_to_have\": [\"Docker\", \"CI/CD\", \"System Design\"]\r\n}"}}, {"model": "learning.learningpath", "pk": 4, "fields": {"employee": 1, "status": "NOT_STARTED", "items": "[{\"content_id\": 3, \"title\": \"JS Crash Course\", \"skill\": \"JavaScript\", \"thumbnail\": \"https://img.youtube.com/vi/hdI2bqOjy3c/maxresdefault.jpg\", \"duration\": 100}, {\"content_id\": 1, \"title\": \"Django Crash Course\", \"skill\": \"Django\", \"thumbnail\": \"https://img.youtube.com/vi/rHux0gMZ3Eg/maxresdefault.jpg\", \"duration\": 60}]", "matched_skills": "[]", "missing_skills": "[\"JavaScript\", \"Django\"]", "created_at": "2026-01-03T10:31:49.997Z"}}, {"model": "learning.learningpath", "pk": 5, "fields": {"employee": 1, "status": "NOT_STARTED", "items": "[{\"content_id\": 3, \"title\": \"JS Crash Course\", \"skill\": \"JavaScript\", \"thumbnail\": \"https://img.youtube.com/vi/hdI2bqOjy3c/maxresdefault.jpg\", \"duration\": 100}, {\"content_id\": 1, \"title\": \"Django Crash Course\", \"skill\": \"Django\", \"thumbnail\": \"https://img.youtube.com/vi/rHux0gMZ3Eg/maxresdefault.jpg\", \"duration\": 60}]", "matched_skills": "[]", "missing_skills": "[\"JavaScript\", \"Django\"]", "created_at": "2026-01-09T17:17:51.606Z"}}, {"model": "learning.learningpath", "pk": 6, "fields": {"employee": 1, "status": "NOT_STARTED", "items": "[{\"content_id\": 3, \"title\": \"JS Crash Course\", \"skill\": \"JavaScript\", \"thumbnail\": \"https://img.youtube.com/vi/hdI2bqOjy3c/maxresdefault.jpg\", \"duration\": 100}, {\"content_id\": 1, \"title\": \"Django Crash Course\", \"skill\": \"Django\", \"thumbnail\": \"https://img.youtube.com/vi/rHux0gMZ3Eg/maxresdefault.jpg\", \"duration\": 60}]", "matched_skills": "[]", "missing_skills": "[\"JavaScript\", \"Django\"]", "created_at": "2026-01-09T17:18:26.466Z"}}, {"model": "learning.learningpath", "pk": 7, "fields": {"employee": 1, "status": "NOT_STARTED", "items": "[{\"content_id\": 3, \"title\": \"JS Crash Course\", \"skill\": \"JavaScript\", \"thumbnail\": \"https://img.youtube.com/vi/hdI2bqOjy3c/maxresdefault.jpg\", \"duration\": 100}, {\"content_id\": 1, \"title\": \"Django Crash Course\", \"skill\": \"Django\", \"thumbnail\": \"https://img.youtube.com/vi/rHux0gMZ3Eg/maxresdefault.jpg\", \"duration\": 60}]", "matched_skills": "[]", "missing_skills": "[\"JavaScript\", \"Django\"]", "created_at": "2026-01-09T17:18:26.514Z"}}, {"model": "learning.learningpath", "pk": 8, "fields": {"employee": 1, "status": "NOT_STARTED", "items": "[{\"content_id\": 3, \"title\": \"JS Crash Course\", \"skill\": \"JavaScript\", \"thumbnail\": \"https://img.youtube.com/vi/hdI2bqOjy3c/maxresdefault.jpg\", \"duration\": 100}, {\"content_id\": 1, \"title\": \"Django Crash Course\", \"skill\": \"Django\", \"thumbnail\": \"https://img.youtube.com/vi/rHux0gMZ3Eg/maxresdefault.jpg\", \"duration\": 60}]", "matched_skills": "[]", "missing_skills": "[\"JavaScript\", \"Django\"]", "created_at": "2026-01-09T17:18:30.118Z"}}, {"model": "learning.learningpath", "pk": 9, "fields": {"employee": 1, "status": "NOT_STARTED", "items": "[{\"content_id\": 3, \"title\": \"JS Crash Course\", \"skill\": \"JavaScript\", \"thumbnail\": \"https://img.youtube.com/vi/hdI2bqOjy3c/maxresdefault.jpg\", \"duration\": 100}, {\"content_id\": 1, \"title\": \"Django Crash Course\", \"skill\": \"Django\", \"thumbnail\": \"https://img.youtube.com/vi/rHux0gMZ3Eg/maxresdefault.jpg\", \"duration\": 60}]", "matched_skills": "[]", "missing_skills": "[\"JavaScript\", \"Django\"]", "created_at": "2026-01-09T17:18:30.148Z"}}, {"model": "learning.learningpath", "pk": 10, "fields": {"employee": 1, "status": "NOT_STARTED", "items": "[{\"content_id\": 3, \"title\": \"JS Crash Course\", \"skill\": \"JavaScript\", \"thumbnail\": \"https://img.youtube.com/vi/hdI2bqOjy3c/maxresdefault.jpg\", \"duration\": 100}, {\"content_id\": 1, \"title\": \"Django Crash Course\", \"skill\": \"Django\", \"thumbnail\": \"https://img.youtube.com/vi/rHux0gMZ3Eg/maxresdefault.jpg\", \"duration\": 60}]", "matched_skills": "[]", "missing_skills": "[\"JavaScript\", \"Django\"]", "created_at": "2026-01-09T17:21:35.685Z"}}, {"model": "learning.learningpath", "pk": 11, "fields": {"employee": 1, "status": "NOT_STARTED", "items": "[{\"content_id\": 3, \"title\": \"JS Crash Course\", \"skill\": \"JavaScript\", \"thumbnail\": \"https://img.youtube.com/vi/hdI2bqOjy3c/maxresdefault.jpg\", \"duration\": 100}, {\"content_id\": 1, \"title\": \"Django Crash Course\", \"skill\": \"Django\", \"thumbnail\": \"https://img.youtube.com/vi/rHux0gMZ3Eg/maxresdefault.jpg\", \"duration\": 60}]", "matched_skills": "[]", "missing_skills": "[\"JavaScript\", \"Django\"]", "created_at": "2026-01-09T17:21:35.724Z"}}, {"model": "learning.learningpath", "pk": 12, "fields": {"employee": 1, "status": "NOT_STARTED", "items": "[{\"content_id\": 3, \"title\": \"JS Crash Course\", \"skill\": \"JavaScript\", \"thumbnail\": \"https://img.youtube.com/vi/hdI2bqOjy3c/maxresdefault.jpg\", \"duration\": 100}, {\"content_id\": 1, \"title\": \"Django Crash Course\", \"skill\": \"Django\", \"thumbnail\": \"https://img.youtube.com/vi/rHux0gMZ3Eg/maxresdefault.jpg\", \"duration\": 60}]", "matched_skills": "[]", "missing_skills": "[\"JavaScript\", \"Django\"]", "created_at": "2026-01-09T17:22:30.008Z"}}, {"model": "learning.learningpath", "pk": 13, "fields": {"employee": 1, "status": "NOT_STARTED", "items": "[{\"content_id\": 3, \"title\": \"JS Crash Course\", \"skill\": \"JavaScript\", \"thumbnail\": \"https://img.youtube.com/vi/hdI2bqOjy3c/maxresdefault.jpg\", \"duration\": 100}, {\"content_id\": 1, \"title\": \"Django Crash Course\", \"skill\": \"Django\", \"thumbnail\": \"https://img.youtube.com/vi/rHux0gMZ3Eg/maxresdefault.jpg\", \"duration\": 60}]", "matched_skills": "[]", "missing_skills": "[\"JavaScript\", \"Django\"]", "created_at": "2026-01-09T17:22:30.039Z"}}, {"model": "learning.learningpath", "pk": 14, "fields": {"employee": 1, "status": "NOT_STARTED", "items": "[{\"content_id\": 3, \"title\": \"JS Crash Course\", \"skill\": \"JavaScript\", \"thumbnail\": \"https://img.youtube.com/vi/hdI2bqOjy3c/maxresdefault.jpg\", \"duration\": 100}, {\"content_id\": 1, \"title\": \"Django Crash Course\", \"skill\": \"Django\", \"thumbnail\": \"https://img.youtube.com/vi/rHux0gMZ3Eg/maxresdefault.jpg\", \"duration\": 60}]", "matched_skills": "[]", "missing_skills": "[\"JavaScript\", \"Django\"]", "created_at": "2026-01-09T17:23:09.125Z"}}, {"model": "learning.learningpath", "pk": 15, "fields": {"employee": 1, "status": "NOT_STARTED", "items": "[{\"content_id\": 3, \"title\": \"JS Crash Course\", \"skill\": \"JavaScript\", \"thumbnail\": \"https://img.youtube.com/vi/hdI2bqOjy3c/maxresdefault.jpg\", \"duration\": 100}, {\"content_id\": 1, \"title\": \"Django Crash Course\", \"skill\": \"Django\", \"thumbnail\": \"https://img.youtube.com/vi/rHux0gMZ3Eg/maxresdefault.jpg\", \"duration\": 60}]", "matched_skills": "[]", "missing_skills": "[\"JavaScript\", \"Django\"]", "created_at": "2026-01-09T17:23:09.154Z"}}, {"model": "learning.learningpath", "pk": 16, "fields": {"employee": 1, "status": "NOT_STARTED", "items": "[{\"content_id\": 3, \"title\": \"JS Crash Course\", \"skill\": \"JavaScript\", \"thumbnail\": \"https://img.youtube.com/vi/hdI2bqOjy3c/maxresdefault.jpg\", \"duration\": 100}, {\"content_id\": 1, \"title\": \"Django Crash Course\", \"skill\": \"Django\", \"thumbnail\": \"https://img.youtube.com/vi/rHux0gMZ3Eg/maxresdefault.jpg\", \"duration\": 60}]", "matched_skills": "[]", "missing_skills": "[\"JavaScript\", \"Django\"]", "created_at": "2026-01-09T17:23:11.110Z"}}, {"model": "learning.learningpath", "pk": 17, "fields": {"employee": 1, "status": "NOT_STARTED", "items": "[{\"content_id\": 3, \"title\": \"JS Crash Course\", \"skill\": \"JavaScript\", \"thumbnail\": \"https://img.youtube.com/vi/hdI2bqOjy3c/maxresdefault.jpg\", \"duration\": 100}, {\"content_id\": 1, \"title\": \"Django Crash Course\", \"skill\": \"Django\", \"thumbnail\": \"https://img.youtube.com/vi/rHux0gMZ3Eg/maxresdefault.jpg\", \"duration\": 60}]", "matched_skills": "[]", "missing_skills": "[\"JavaScript\", \"Django\"]", "created_at": "2026-01-09T17:23:11.140Z"}}, {"model": "learning.learningpath", "pk": 18, "fields": {"employee": 1, "status": "NOT_STARTED", "items": "[{\"content_id\": 3, \"title\": \"JS Crash Course\", \"skill\": \"JavaScript\", \"thumbnail\": \"https://img.youtube.com/vi/hdI2bqOjy3c/maxresdefault.jpg\", \"duration\": 100}, {\"content_id\": 1, \"title\": \"Django Crash Course\", \"skill\": \"Django\", \"thumbnail\": \"https://img.youtube.com/vi/rHux0gMZ3Eg/maxresdefault.jpg\", \"duration\": 60}]", "matched_skills": "[]", "missing_skills": "[\"JavaScript\", \"Django\"]", "created_at": "2026-01-09T17:23:13.208Z"}}, {"model": "learning.learningpath", "pk": 19, "fields": {"employee": 1, "status": "NOT_STARTED", "items": "[{\"content_id\": 3, \"title\": \"JS Crash Course\", \"skill\": \"JavaScript\", \"thumbnail\": \"https://img.youtube.com/vi/hdI2bqOjy3c/maxresdefault.jpg\", \"duration\": 100}, {\"content_id\": 1, \"title\": \"Django Crash Course\", \"skill\": \"Django\", \"thumbnail\": \"https://img.youtube.com/vi/rHux0gMZ3Eg/maxresdefault.jpg\", \"duration\": 60}]", "matched_skills": "[]", "missing_skills": "[\"JavaScript\", \"Django\"]", "created_at": "2026-01-09T17:23:13.232Z"}}, {"model": "learning.learningpath", "pk": 20, "fields": {"employee": 1, "status": "NOT_STARTED", "items": "[{\"content_id\": 3, \"title\": \"JS Crash Course\", \"skill\": \"JavaScript\", \"thumbnail\": \"https://img.youtube.com/vi/hdI2bqOjy3c/maxresdefault.jpg\", \"duration\": 100}, {\"content_id\": 1, \"title\": \"Django Crash Course\", \"skill\": \"Django\", \"thumbnail\": \"https://img.youtube.com/vi/rHux0gMZ3Eg/maxresdefault.jpg\", \"duration\": 60}]", "matched_skills": "[]", "missing_skills": "[\"JavaScript\", \"Django\"]", "created_at": "2026-01-09T17:23:14.568Z"}}, {"model": "learning.learningpath", "pk": 21, "fields": {"employee": 1, "status": "NOT_STARTED", "items": "[{\"content_id\": 3, \"title\": \"JS Crash Course\", \"skill\": \"JavaScript\", \"thumbnail\": \"https://img.youtube.com/vi/hdI2bqOjy3c/maxresdefault.jpg\", \"duration\": 100}, {\"content_id\": 1, \"title\": \"Django Crash Course\", \"skill\": \"Django\", \"thumbnail\": \"https://img.youtube.com/vi/rHux0gMZ3Eg/maxresdefault.jpg\", \"duration\": 60}]", "matched_skills": "[]", "missing_skills": "[\"JavaScript\", \"Django\"]", "created_at": "2026-01-09T17:23:14.596Z"}}, {"model": "learning.learningpath", "pk": 22, "fields": {"employee": 1, "status": "NOT_STARTED", "items": "[{\"content_id\": 3, \"title\": \"JS Crash Course\", \"skill\": \"JavaScript\", \"thumbnail\": \"https://img.youtube.com/vi/hdI2bqOjy3c/maxresdefault.jpg\", \"duration\": 100}, {\"content_id\": 1, \"title\": \"Django Crash Course\", \"skill\": \"Django\", \"thumbnail\": \"https://img.youtube.com/vi/rHux0gMZ3Eg/maxresdefault.jpg\", \"duration\": 60}]", "matched_skills": "[]", "missing_skills": "[\"JavaScript\", \"Django\"]", "created_at": "2026-01-09T17:23:22.164Z"}}, {"model": "learning.learningpath", "pk": 23, "fields": {"employee": 1, "status": "NOT_STARTED", "items": "[{\"content_id\": 3, \"title\": \"JS Crash Course\", \"skill\": \"JavaScript\", \"thumbnail\": \"https://img.youtube.com/vi/hdI2bqOjy3c/maxresdefault.jpg\", \"duration\": 100}, {\"content_id\": 1, \"title\": \"Django Crash Course\", \"skill\": \"Django\", \"thumbnail\": \"https://img.youtube.com/vi/rHux0gMZ3Eg/maxresdefault.jpg\", \"duration\": 60}]", "matched_skills": "[]", "missing_skills": "[\"JavaScript\", \"Django\"]", "created_at": "2026-01-09T17:23:22.196Z"}}, {"model": "learning.learningpath", "pk": 24, "fields": {"employee": 1, "status": "NOT_STARTED", "items": "[{\"content_id\": 3, \"title\": \"JS Crash Course\", \"skill\": \"JavaScript\", \"thumbnail\": \"https://img.youtube.com/vi/hdI2bqOjy3c/maxresdefault.jpg\", \"duration\": 100}, {\"content_id\": 1, \"title\": \"Django Crash Course\", \"skill\": \"Django\", \"thumbnail\": \"https://img.youtube.com/vi/rHux0gMZ3Eg/maxresdefault.jpg\", \"duration\": 60}]", "matched_skills": "[]", "missing_skills": "[\"JavaScript\", \"Django\"]", "created_at": "2026-01-09T17:23:23.419Z"}}, {"model": "learning.learningpath", "pk": 25, "fields": {"employee": 1, "status": "NOT_STARTED", "items": "[{\"content_id\": 3, \"title\": \"JS Crash Course\", \"skill\": \"JavaScript\", \"thumbnail\": \"https://img.youtube.com/vi/hdI2bqOjy3c/maxresdefault.jpg\", \"duration\": 100}, {\"content_id\": 1, \"title\": \"Django Crash Course\", \"skill\": \"Django\", \"thumbnail\": \"https://img.youtube.com/vi/rHux0gMZ3Eg/maxresdefault.jpg\", \"duration\": 60}]", "matched_skills": "[]", "missing_skills": "[\"JavaScript\", \"Django\"]", "created_at": "2026-01-09T17:23:23.462Z"}}, {"model": "learning.learningpath", "pk": 26, "fields": {"employee": 1, "status": "NOT_STARTED", "items": "[{\"content_id\": 3, \"title\": \"JS Crash Course\", \"skill\": \"JavaScript\", \"thumbnail\": \"https://img.youtube.com/vi/hdI2bqOjy3c/maxresdefault.jpg\", \"duration\": 100}, {\"content_id\": 1, \"title\": \"Django Crash Course\", \"skill\": \"Django\", \"thumbnail\": \"https://img.youtube.com/vi/rHux0gMZ3Eg/maxresdefault.jpg\", \"duration\": 60}]", "matched_skills": "[]", "missing_skills": "[\"JavaScript\", \"Django\"]", "created_at": "2026-01-09T17:23:24.408Z"}}, {"model": "learning.learningpath", "pk": 27, "fields": {"employee": 1, "status": "NOT_STARTED", "items": "[{\"content_id\": 3, \"title\": \"JS Crash Course\", \"skill\": \"JavaScript\", \"thumbnail\": \"https://img.youtube.com/vi/hdI2bqOjy3c/maxresdefault.jpg\", \"duration\": 100}, {\"content_id\": 1, \"title\": \"Django Crash Course\", \"skill\": \"Django\", \"thumbnail\": \"https://img.youtube.com/vi/rHux0gMZ3Eg/maxresdefault.jpg\", \"duration\": 60}]", "matched_skills": "[]", "missing_skills": "[\"JavaScript\", \"Django\"]", "created_at": "2026-01-09T17:23:24.444Z"}}, {"model": "learning.learningpath", "pk": 28, "fields": {"employee": 1, "status": "NOT_STARTED", "items": "[{\"content_id\": 3, \"title\": \"JS Crash Course\", \"skill\": \"JavaScript\", \"thumbnail\": \"https://img.youtube.com/vi/hdI2bqOjy3c/maxresdefault.jpg\", \"duration\": 100}, {\"content_id\": 1, \"title\": \"Django Crash Course\", \"skill\": \"Django\", \"thumbnail\": \"https://img.youtube.com/vi/rHux0gMZ3Eg/maxresdefault.jpg\", \"duration\": 60}]", "matched_skills": "[]", "missing_skills": "[\"JavaScript\", \"Django\"]", "created_at": "2026-01-09T17:23:25.206Z"}}, {"model": "learning.learningpath", "pk": 29, "fields": {"employee": 1, "status": "NOT_STARTED", "items": "[{\"content_id\": 3, \"title\": \"JS Crash Course\", \"skill\": \"JavaScript\", \"thumbnail\": \"https://img.youtube.com/vi/hdI2bqOjy3c/maxresdefault.jpg\", \"duration\": 100}, {\"content_id\": 1, \"title\": \"Django Crash Course\", \"skill\": \"Django\", \"thumbnail\": \"https://img.youtube.com/vi/rHux0gMZ3Eg/maxresdefault.jpg\", \"duration\": 60}]", "matched_skills": "[]", "missing_skills": "[\"JavaScript\", \"Django\"]", "created_at": "2026-01-09T17:23:25.253Z"}}, {"model": "learning.learningpath", "pk": 30, "fields": {"employee": 1, "status": "NOT_STARTED", "items": "[{\"content_id\": 3, \"title\": \"JS Crash Course\", \"skill\": \"JavaScript\", \"thumbnail\": \"https://img.youtube.com/vi/hdI2bqOjy3c/maxresdefault.jpg\", \"duration\": 100}, {\"content_id\": 1, \"title\": \"Django Crash Course\", \"skill\": \"Django\", \"thumbnail\": \"https://img.youtube.com/vi/rHux0gMZ3Eg/maxresdefault.jpg\", \"duration\": 60}]", "matched_skills": "[]", "missing_skills": "[\"JavaScript\", \"Django\"]", "created_at": "2026-01-09T17:23:26.007Z"}}, {"model": "learning.learningpath", "pk": 31, "fields": {"employee": 1, "status": "NOT_STARTED", "items": "[{\"content_id\": 3, \"title\": \"JS Crash Course\", \"skill\": \"JavaScript\", \"thumbnail\": \"https://img.youtube.com/vi/hdI2bqOjy3c/maxresdefault.jpg\", \"duration\": 100}, {\"content_id\": 1, \"title\": \"Django Crash Course\", \"skill\": \"Django\", \"thumbnail\": \"https://img.youtube.com/vi/rHux0gMZ3Eg/maxresdefault.jpg\", \"duration\": 60}]", "matched_skills": "[]", "missing_skills": "[\"JavaScript\", \"Django\"]", "created_at": "2026-01-09T17:23:26.041Z"}}, {"model": "learning.learningpath", "pk": 32, "fields": {"employee": 1, "status": "NOT_STARTED", "items": "[{\"content_id\": 3, \"title\": \"JS Crash Course\", \"skill\": \"JavaScript\", \"thumbnail\": \"https://img.youtube.com/vi/hdI2bqOjy3c/maxresdefault.jpg\", \"duration\": 100}, {\"content_id\": 1, \"title\": \"Django Crash Course\", \"skill\": \"Django\", \"thumbnail\": \"https://img.youtube.com/vi/rHux0gMZ3Eg/maxresdefault.jpg\", \"duration\": 60}]", "matched_skills": "[]", "missing_skills": "[\"JavaScript\", \"Django\"]", "created_at": "2026-01-09T17:23:26.883Z"}}, {"model": "learning.learningpath", "pk": 33, "fields": {"employee": 1, "status": "NOT_STARTED", "items": "[{\"content_id\": 3, \"title\": \"JS Crash Course\", \"skill\": \"JavaScript\", \"thumbnail\": \"https://img.youtube.com/vi/hdI2bqOjy3c/maxresdefault.jpg\", \"duration\": 100}, {\"content_id\": 1, \"title\": \"Django Crash Course\", \"skill\": \"Django\", \"thumbnail\": \"https://img.youtube.com/vi/rHux0gMZ3Eg/maxresdefault.jpg\", \"duration\": 60}]", "matched_skills": "[]", "missing_skills": "[\"JavaScript\", \"Django\"]", "created_at": "2026-01-09T17:23:26.923Z"}}, {"model": "learning.learningpath", "pk": 34, "fields": {"employee": 1, "status": "NOT_STARTED", "items": "[{\"content_id\": 3, \"title\": \"JS Crash Course\", \"skill\": \"JavaScript\", \"thumbnail\": \"https://img.youtube.com/vi/hdI2bqOjy3c/maxresdefault.jpg\", \"duration\": 100}, {\"content_id\": 1, \"title\": \"Django Crash Course\", \"skill\": \"Django\", \"thumbnail\": \"https://img.youtube.com/vi/rHux0gMZ3Eg/maxresdefault.jpg\", \"duration\": 60}]", "matched_skills": "[]", "missing_skills": "[\"JavaScript\", \"Django\"]", "created_at": "2026-01-09T17:23:27.806Z"}}, {"model": "learning.learningpath", "pk": 35, "fields": {"employee": 1, "status": "NOT_STARTED", "items": "[{\"content_id\": 3, \"title\": \"JS Crash Course\", \"skill\": \"JavaScript\", \"thumbnail\": \"https://img.youtube.com/vi/hdI2bqOjy3c/maxresdefault.jpg\", \"duration\": 100}, {\"content_id\": 1, \"title\": \"Django Crash Course\", \"skill\": \"Django\", \"thumbnail\": \"https://img.youtube.com/vi/rHux0gMZ3Eg/maxresdefault.jpg\", \"duration\": 60}]", "matched_skills": "[]", "missing_skills": "[\"JavaScript\", \"Django\"]", "created_at": "2026-01-09T17:23:27.852Z"}}, {"model": "learning.learningpath", "pk": 36, "fields": {"employee": 1, "status": "NOT_STARTED", "items": "[{\"content_id\": 3, \"title\": \"JS Crash Course\", \"skill\": \"JavaScript\", \"thumbnail\": \"https://img.youtube.com/vi/hdI2bqOjy3c/maxresdefault.jpg\", \"duration\": 100}, {\"content_id\": 1, \"title\": \"Django Crash Course\", \"skill\": \"Django\", \"thumbnail\": \"https://img.youtube.com/vi/rHux0gMZ3Eg/maxresdefault.jpg\", \"duration\": 60}]", "matched_skills": "[]", "missing_skills": "[\"JavaScript\", \"Django\"]", "created_at": "2026-01-09T17:23:30.565Z"}}, {"model": "learning.learningpath", "pk": 37, "fields": {"employee": 1, "status": "NOT_STARTED", "items": "[{\"content_id\": 3, \"title\": \"JS Crash Course\", \"skill\": \"JavaScript\", \"thumbnail\": \"https://img.youtube.com/vi/hdI2bqOjy3c/maxresdefault.jpg\", \"duration\": 100}, {\"content_id\": 1, \"title\": \"Django Crash Course\", \"skill\": \"Django\", \"thumbnail\": \"https://img.youtube.com/vi/rHux0gMZ3Eg/maxresdefault.jpg\", \"duration\": 60}]", "matched_skills": "[]", "missing_skills": "[\"JavaScript\", \"Django\"]", "created_at": "2026-01-09T17:23:30.605Z"}}, {"model": "learning.learningpath", "pk": 38, "fields": {"employee": 1, "status": "NOT_STARTED", "items": "[{\"content_id\": 3, \"title\": \"JS Crash Course\", \"skill\": \"JavaScript\", \"thumbnail\": \"https://img.youtube.com/vi/hdI2bqOjy3c/maxresdefault.jpg\", \"duration\": 100}, {\"content_id\": 1, \"title\": \"Django Crash Course\", \"skill\": \"Django\", \"thumbnail\": \"https://img.youtube.com/vi/rHux0gMZ3Eg/maxresdefault.jpg\", \"duration\": 60}]", "matched_skills": "[]", "missing_skills": "[\"JavaScript\", \"Django\"]", "created_at": "2026-01-09T17:23:31.340Z"}}, {"model": "learning.learningpath", "pk": 39, "fields": {"employee": 1, "status": "NOT_STARTED", "items": "[{\"content_id\": 3, \"title\": \"JS Crash Course\", \"skill\": \"JavaScript\", \"thumbnail\": \"https://img.youtube.com/vi/hdI2bqOjy3c/maxresdefault.jpg\", \"duration\": 100}, {\"content_id\": 1, \"title\": \"Django Crash Course\", \"skill\": \"Django\", \"thumbnail\": \"https://img.youtube.com/vi/rHux0gMZ3Eg/maxresdefault.jpg\", \"duration\": 60}]", "matched_skills": "[]", "missing_skills": "[\"JavaScript\", \"Django\"]", "created_at": "2026-01-09T17:23:31.379Z"}}, {"model": "learning.learningpath", "pk": 40, "fields": {"employee": 1, "status": "NOT_STARTED", "items": "[{\"content_id\": 3, \"title\": \"JS Crash Course\", \"skill\": \"JavaScript\", \"thumbnail\": \"https://img.youtube.com/vi/hdI2bqOjy3c/maxresdefault.jpg\", \"duration\": 100}, {\"content_id\": 1, \"title\": \"Django Crash Course\", \"skill\": \"Django\", \"thumbnail\": \"https://img.youtube.com/vi/rHux0gMZ3Eg/maxresdefault.jpg\", \"duration\": 60}]", "matched_skills": "[]", "missing_skills": "[\"JavaScript\", \"Django\"]", "created_at": "2026-01-09T17:23:32.195Z"}}, {"model": "learning.learningpath", "pk": 41, "fields": {"employee": 1, "status": "NOT_STARTED", "items": "[{\"content_id\": 3, \"title\": \"JS Crash Course\", \"skill\": \"JavaScript\", \"thumbnail\": \"https://img.youtube.com/vi/hdI2bqOjy3c/maxresdefault.jpg\", \"duration\": 100}, {\"content_id\": 1, \"title\": \"Django Crash Course\", \"skill\": \"Django\", \"thumbnail\": \"https://img.youtube.com/vi/rHux0gMZ3Eg/maxresdefault.jpg\", \"duration\": 60}]", "matched_skills": "[]", "missing_skills": "[\"JavaScript\", \"Django\"]", "created_at": "2026-01-09T17:23:32.234Z"}}, {"model": "learning.learningpath", "pk": 42, "fields": {"employee": 1, "status": "NOT_STARTED", "items": "[{\"content_id\": 3, \"title\": \"JS Crash Course\", \"skill\": \"JavaScript\", \"thumbnail\": \"https://img.youtube.com/vi/hdI2bqOjy3c/maxresdefault.jpg\", \"duration\": 100}, {\"content_id\": 1, \"title\": \"Django Crash Course\", \"skill\": \"Django\", \"thumbnail\": \"https://img.youtube.com/vi/rHux0gMZ3Eg/maxresdefault.jpg\", \"duration\": 60}]", "matched_skills": "[]", "missing_skills": "[\"JavaScript\", \"Django\"]", "created_at": "2026-01-09T17:23:33.564Z"}}, {"model": "learning.learningpath", "pk": 43, "fields": {"employee": 1, "status": "NOT_STARTED", "items": "[{\"content_id\": 3, \"title\": \"JS Crash Course\", \"skill\": \"JavaScript\", \"thumbnail\": \"https://img.youtube.com/vi/hdI2bqOjy3c/maxresdefault.jpg\", \"duration\": 100}, {\"content_id\": 1, \"title\": \"Django Crash Course\", \"skill\": \"Django\", \"thumbnail\": \"https://img.youtube.com/vi/rHux0gMZ3Eg/maxresdefault.jpg\", \"duration\": 60}]", "matched_skills": "[]", "missing_skills": "[\"JavaScript\", \"Django\"]", "created_at": "2026-01-09T17:23:33.601Z"}}, {"model": "learning.learningpath", "pk": 44, "fields": {"employee": 1, "status": "NOT_STARTED", "items": "[{\"content_id\": 3, \"title\": \"JS Crash Course\", \"skill\": \"JavaScript\", \"thumbnail\": \"https://img.youtube.com/vi/hdI2bqOjy3c/maxresdefault.jpg\", \"duration\": 100}, {\"content_id\": 1, \"title\": \"Django Crash Course\", \"skill\": \"Django\", \"thumbnail\": \"https://img.youtube.com/vi/rHux0gMZ3Eg/maxresdefault.jpg\", \"duration\": 60}]", "matched_skills": "[]", "missing_skills": "[\"JavaScript\", \"Django\"]", "created_at": "2026-01-09T17:23:35.650Z"}}, {"model": "learning.learningpath", "pk": 45, "fields": {"employee": 1, "status": "NOT_STARTED", "items": "[{\"content_id\": 3, \"title\": \"JS Crash Course\", \"skill\": \"JavaScript\", \"thumbnail\": \"https://img.youtube.com/vi/hdI2bqOjy3c/maxresdefault.jpg\", \"duration\": 100}, {\"content_id\": 1, \"title\": \"Django Crash Course\", \"skill\": \"Django\", \"thumbnail\": \"https://img.youtube.com/vi/rHux0gMZ3Eg/maxresdefault.jpg\", \"duration\": 60}]", "matched_skills": "[]", "missing_skills": "[\"JavaScript\", \"Django\"]", "created_at": "2026-01-09T17:23:35.688Z"}}, {"model": "learning.learningpath", "pk": 46, "fields": {"employee": 1, "status": "NOT_STARTED", "items": "[{\"content_id\": 3, \"title\": \"JS Crash Course\", \"skill\": \"JavaScript\", \"thumbnail\": \"https://img.youtube.com/vi/hdI2bqOjy3c/maxresdefault.jpg\", \"duration\": 100}, {\"content_id\": 1, \"title\": \"Django Crash Course\", \"skill\": \"Django\", \"thumbnail\": \"https://img.youtube.com/vi/rHux0gMZ3Eg/maxresdefault.jpg\", \"duration\": 60}]", "matched_skills": "[]", "missing_skills": "[\"JavaScript\", \"Django\"]", "created_at": "2026-01-09T17:23:36.471Z"}}, {"model": "learning.learningpath", "pk": 47, "fields": {"employee": 1, "status": "NOT_STARTED", "items": "[{\"content_id\": 3, \"title\": \"JS Crash Course\", \"skill\": \"JavaScript\", \"thumbnail\": \"https://img.youtube.com/vi/hdI2bqOjy3c/maxresdefault.jpg\", \"duration\": 100}, {\"content_id\": 1, \"title\": \"Django Crash Course\", \"skill\": \"Django\", \"thumbnail\": \"https://img.youtube.com/vi/rHux0gMZ3Eg/maxresdefault.jpg\", \"duration\": 60}]", "matched_skills": "[]", "missing_skills": "[\"JavaScript\", \"Django\"]", "created_at": "2026-01-09T17:23:36.515Z"}}, {"model": "learning.learningpath", "pk": 48, "fields": {"employee": 1, "status": "NOT_STARTED", "items": "[{\"content_id\": 3, \"title\": \"JS Crash Course\", \"skill\": \"JavaScript\", \"thumbnail\": \"https://img.youtube.com/vi/hdI2bqOjy3c/maxresdefault.jpg\", \"duration\": 100}, {\"content_id\": 1, \"title\": \"Django Crash Course\", \"skill\": \"Django\", \"thumbnail\": \"https://img.youtube.com/vi/rHux0gMZ3Eg/maxresdefault.jpg\", \"duration\": 60}]", "matched_skills": "[]", "missing_skills": "[\"JavaScript\", \"Django\"]", "created_at": "2026-01-09T17:23:37.280Z"}}, {"model": "learning.learningpath", "pk": 49, "fields": {"employee": 1, "status": "NOT_STARTED", "items": "[{\"content_id\": 3, \"title\": \"JS Crash Course\", \"skill\": \"JavaScript\", \"thumbnail\": \"https://img.youtube.com/vi/hdI2bqOjy3c/maxresdefault.jpg\", \"duration\": 100}, {\"content_id\": 1, \"title\": \"Django Crash Course\", \"skill\": \"Django\", \"thumbnail\": \"https://img.youtube.com/vi/rHux0gMZ3Eg/maxresdefault.jpg\", \"duration\": 60}]", "matched_skills": "[]", "missing_skills": "[\"JavaScript\", \"Django\"]", "created_at": "2026-01-09T17:23:37.314Z"}}, {"model": "learning.learningpath", "pk": 50, "fields": {"employee": 1, "status": "NOT_STARTED", "items": "[{\"content_id\": 3, \"title\": \"JS Crash Course\", \"skill\": \"JavaScript\", \"thumbnail\": \"https://img.youtube.com/vi/hdI2bqOjy3c/maxresdefault.jpg\", \"duration\": 100}, {\"content_id\": 1, \"title\": \"Django Crash Course\", \"skill\": \"Django\", \"thumbnail\": \"https://img.youtube.com/vi/rHux0gMZ3Eg/maxresdefault.jpg\", \"duration\": 60}]", "matched_skills": "[]", "missing_skills": "[\"JavaScript\", \"Django\"]", "created_at": "2026-01-09T17:23:37.995Z"}}, {"model": "learning.learningpath", "pk": 51, "fields": {"employee": 1, "status": "NOT_STARTED", "items": "[{\"content_id\": 3, \"title\": \"JS Crash Course\", \"skill\": \"JavaScript\", \"thumbnail\": \"https://img.youtube.com/vi/hdI2bqOjy3c/maxresdefault.jpg\", \"duration\": 100}, {\"content_id\": 1, \"title\": \"Django Crash Course\", \"skill\": \"Django\", \"thumbnail\": \"https://img.youtube.com/vi/rHux0gMZ3Eg/maxresdefault.jpg\", \"duration\": 60}]", "matched_skills": "[]", "missing_skills": "[\"JavaScript\", \"Django\"]", "created_at": "2026-01-09T17:23:38.042Z"}}, {"model": "learning.learningpath", "pk": 52, "fields": {"employee": 1, "status": "NOT_STARTED", "items": "[{\"content_id\": 3, \"title\": \"JS Crash Course\", \"skill\": \"JavaScript\", \"thumbnail\": \"https://img.youtube.com/vi/hdI2bqOjy3c/maxresdefault.jpg\", \"duration\": 100}, {\"content_id\": 1, \"title\": \"Django Crash Course\", \"skill\": \"Django\", \"thumbnail\": \"https://img.youtube.com/vi/rHux0gMZ3Eg/maxresdefault.jpg\", \"duration\": 60}]", "matched_skills": "[]", "missing_skills": "[\"JavaScript\", \"Django\"]", "created_at": "2026-01-09T17:23:38.868Z"}}, {"model": "learning.learningpath", "pk": 53, "fields": {"employee": 1, "status": "NOT_STARTED", "items": "[{\"content_id\": 3, \"title\": \"JS Crash Course\", \"skill\": \"JavaScript\", \"thumbnail\": \"https://img.youtube.com/vi/hdI2bqOjy3c/maxresdefault.jpg\", \"duration\": 100}, {\"content_id\": 1, \"title\": \"Django Crash Course\", \"skill\": \"Django\", \"thumbnail\": \"https://img.youtube.com/vi/rHux0gMZ3Eg/maxresdefault.jpg\", \"duration\": 60}]", "matched_skills": "[]", "missing_skills": "[\"JavaScript\", \"Django\"]", "created_at": "2026-01-09T17:23:38.905Z"}}, {"model": "learning.learningpath", "pk": 54, "fields": {"employee": 1, "status": "NOT_STARTED", "items": "[{\"content_id\": 3, \"title\": \"JS Crash Course\", \"skill\": \"JavaScript\", \"thumbnail\": \"https://img.youtube.com/vi/hdI2bqOjy3c/maxresdefault.jpg\", \"duration\": 100}, {\"content_id\": 1, \"title\": \"Django Crash Course\", \"skill\": \"Django\", \"thumbnail\": \"https://img.youtube.com/vi/rHux0gMZ3Eg/maxresdefault.jpg\", \"duration\": 60}]", "matched_skills": "[]", "missing_skills": "[\"JavaScript\", \"Django\"]", "created_at": "2026-01-09T17:25:12.772Z"}}, {"model": "learning.learningpath", "pk": 55, "fields": {"employee": 1, "status": "NOT_STARTED", "items": "[{\"content_id\": 3, \"title\": \"JS Crash Course\", \"skill\": \"JavaScript\", \"thumbnail\": \"https://img.youtube.com/vi/hdI2bqOjy3c/maxresdefault.jpg\", \"duration\": 100}, {\"content_id\": 1, \"title\": \"Django Crash Course\", \"skill\": \"Django\", \"thumbnail\": \"https://img.youtube.com/vi/rHux0gMZ3Eg/maxresdefault.jpg\", \"duration\": 60}]", "matched_skills": "[]", "missing_skills": "[\"JavaScript\", \"Django\"]", "created_at": "2026-01-09T17:25:12.807Z"}}, {"model": "learning.learningpath", "pk": 56, "fields": {"employee": 1, "status": "NOT_STARTED", "items": "[{\"content_id\": 3, \"title\": \"JS Crash Course\", \"skill\": \"JavaScript\", \"thumbnail\": \"https://img.youtube.com/vi/hdI2bqOjy3c/maxresdefault.jpg\", \"duration\": 100}, {\"content_id\": 1, \"title\": \"Django Crash Course\", \"skill\": \"Django\", \"thumbnail\": \"https://img.youtube.com/vi/rHux0gMZ3Eg/maxresdefault.jpg\", \"duration\": 60}]", "matched_skills": "[]", "missing_skills": "[\"JavaScript\", \"Django\"]", "created_at": "2026-01-09T17:25:13.624Z"}}, {"model": "learning.learningpath", "pk": 57, "fields": {"employee": 1, "status": "NOT_STARTED", "items": "[{\"content_id\": 3, \"title\": \"JS Crash Course\", \"skill\": \"JavaScript\", \"thumbnail\": \"https://img.youtube.com/vi/hdI2bqOjy3c/maxresdefault.jpg\", \"duration\": 100}, {\"content_id\": 1, \"title\": \"Django Crash Course\", \"skill\": \"Django\", \"thumbnail\": \"https://img.youtube.com/vi/rHux0gMZ3Eg/maxresdefault.jpg\", \"duration\": 60}]", "matched_skills": "[]", "missing_skills": "[\"JavaScript\", \"Django\"]", "created_at": "2026-01-09T17:25:13.661Z"}}, {"model": "learning.learningpath", "pk": 58, "fields": {"employee": 1, "status": "NOT_STARTED", "items": "[{\"content_id\": 3, \"title\": \"JS Crash Course\", \"skill\": \"JavaScript\", \"thumbnail\": \"https://img.youtube.com/vi/hdI2bqOjy3c/maxresdefault.jpg\", \"duration\": 100}, {\"content_id\": 1, \"title\": \"Django Crash Course\", \"skill\": \"Django\", \"thumbnail\": \"https://img.youtube.com/vi/rHux0gMZ3Eg/maxresdefault.jpg\", \"duration\": 60}]", "matched_skills": "[]", "missing_skills": "[\"JavaScript\", \"Django\"]", "created_at": "2026-01-09T17:25:14.491Z"}}, {"model": "learning.learningpath", "pk": 59, "fields": {"employee": 1, "status": "NOT_STARTED", "items": "[{\"content_id\": 3, \"title\": \"JS Crash Course\", \"skill\": \"JavaScript\", \"thumbnail\": \"https://img.youtube.com/vi/hdI2bqOjy3c/maxresdefault.jpg\", \"duration\": 100}, {\"content_id\": 1, \"title\": \"Django Crash Course\", \"skill\": \"Django\", \"thumbnail\": \"https://img.youtube.com/vi/rHux0gMZ3Eg/maxresdefault.jpg\", \"duration\": 60}]", "matched_skills": "[]", "missing_skills": "[\"JavaScript\", \"Django\"]", "created_at": "2026-01-09T17:25:14.523Z"}}, {"model": "learning.learningpath", "pk": 60, "fields": {"employee": 1, "status": "NOT_STARTED", "items": "[{\"content_id\": 3, \"title\": \"JS Crash Course\", \"skill\": \"JavaScript\", \"thumbnail\": \"https://img.youtube.com/vi/hdI2bqOjy3c/maxresdefault.jpg\", \"duration\": 100}, {\"content_id\": 1, \"title\": \"Django Crash Course\", \"skill\": \"Django\", \"thumbnail\": \"https://img.youtube.com/vi/rHux0gMZ3Eg/maxresdefault.jpg\", \"duration\": 60}]", "matched_skills": "[]", "missing_skills": "[\"JavaScript\", \"Django\"]", "created_at": "2026-01-09T17:25:15.369Z"}}, {"model": "learning.learningpath", "pk": 61, "fields": {"employee": 1, "status": "NOT_STARTED", "items": "[{\"content_id\": 3, \"title\": \"JS Crash Course\", \"skill\": \"JavaScript\", \"thumbnail\": \"https://img.youtube.com/vi/hdI2bqOjy3c/maxresdefault.jpg\", \"duration\": 100}, {\"content_id\": 1, \"title\": \"Django Crash Course\", \"skill\": \"Django\", \"thumbnail\": \"https://img.youtube.com/vi/rHux0gMZ3Eg/maxresdefault.jpg\", \"duration\": 60}]", "matched_skills": "[]", "missing_skills": "[\"JavaScript\", \"Django\"]", "created_at": "2026-01-09T17:25:15.405Z"}}, {"model": "learning.learningpath", "pk": 62, "fields": {"employee": 1, "status": "NOT_STARTED", "items": "[{\"content_id\": 3, \"title\": \"JS Crash Course\", \"skill\": \"JavaScript\", \"thumbnail\": \"https://img.youtube.com/vi/hdI2bqOjy3c/maxresdefault.jpg\", \"duration\": 100}, {\"content_id\": 1, \"title\": \"Django Crash Course\", \"skill\": \"Django\", \"thumbnail\": \"https://img.youtube.com/vi/rHux0gMZ3Eg/maxresdefault.jpg\", \"duration\": 60}]", "matched_skills": "[]", "missing_skills": "[\"JavaScript\", \"Django\"]", "created_at": "2026-01-09T17:25:16.203Z"}}, {"model": "learning.learningpath", "pk": 63, "fields": {"employee": 1, "status": "NOT_STARTED", "items": "[{\"content_id\": 3, \"title\": \"JS Crash Course\", \"skill\": \"JavaScript\", \"thumbnail\": \"https://img.youtube.com/vi/hdI2bqOjy3c/maxresdefault.jpg\", \"duration\": 100}, {\"content_id\": 1, \"title\": \"Django Crash Course\", \"skill\": \"Django\", \"thumbnail\": \"https://img.youtube.com/vi/rHux0gMZ3Eg/maxresdefault.jpg\", \"duration\": 60}]", "matched_skills": "[]", "missing_skills": "[\"JavaScript\", \"Django\"]", "created_at": "2026-01-09T17:25:16.240Z"}}, {"model": "learning.learningpath", "pk": 64, "fields": {"employee": 1, "status": "NOT_STARTED", "items": "[{\"content_id\": 3, \"title\": \"JS Crash Course\", \"skill\": \"JavaScript\", \"thumbnail\": \"https://img.youtube.com/vi/hdI2bqOjy3c/maxresdefault.jpg\", \"duration\": 100}, {\"content_id\": 1, \"title\": \"Django Crash Course\", \"skill\": \"Django\", \"thumbnail\": \"https://img.youtube.com/vi/rHux0gMZ3Eg/maxresdefault.jpg\", \"duration\": 60}]", "matched_skills": "[]", "missing_skills": "[\"JavaScript\", \"Django\"]", "created_at": "2026-01-09T17:26:32.305Z"}}, {"model": "learning.learningpath", "pk": 65, "fields": {"employee": 1, "status": "NOT_STARTED", "items": "[{\"content_id\": 3, \"title\": \"JS Crash Course\", \"skill\": \"JavaScript\", \"thumbnail\": \"https://img.youtube.com/vi/hdI2bqOjy3c/maxresdefault.jpg\", \"duration\": 100}, {\"content_id\": 1, \"title\": \"Django Crash Course\", \"skill\": \"Django\", \"thumbnail\": \"https://img.youtube.com/vi/rHux0gMZ3Eg/maxresdefault.jpg\", \"duration\": 60}]", "matched_skills": "[]", "missing_skills": "[\"JavaScript\", \"Django\"]", "created_at": "2026-01-09T17:26:32.341Z"}}, {"model": "learning.learningpath", "pk": 66, "fields": {"employee": 1, "status": "NOT_STARTED", "items": "[{\"content_id\": 3, \"title\": \"JS Crash Course\", \"skill\": \"JavaScript\", \"thumbnail\": \"https://img.youtube.com/vi/hdI2bqOjy3c/maxresdefault.jpg\", \"duration\": 100}, {\"content_id\": 1, \"title\": \"Django Crash Course\", \"skill\": \"Django\", \"thumbnail\": \"https://img.youtube.com/vi/rHux0gMZ3Eg/maxresdefault.jpg\", \"duration\": 60}]", "matched_skills": "[]", "missing_skills": "[\"JavaScript\", \"Django\"]", "created_at": "2026-01-09T17:26:41.202Z"}}, {"model": "learning.learningpath", "pk": 67, "fields": {"employee": 1, "status": "NOT_STARTED", "items": "[{\"content_id\": 3, \"title\": \"JS Crash Course\", \"skill\": \"JavaScript\", \"thumbnail\": \"https://img.youtube.com/vi/hdI2bqOjy3c/maxresdefault.jpg\", \"duration\": 100}, {\"content_id\": 1, \"title\": \"Django Crash Course\", \"skill\": \"Django\", \"thumbnail\": \"https://img.youtube.com/vi/rHux0gMZ3Eg/maxresdefault.jpg\", \"duration\": 60}]", "matched_skills": "[]", "missing_skills": "[\"JavaScript\", \"Django\"]", "created_at": "2026-01-09T17:26:41.227Z"}}, {"model": "learning.learningpath", "pk": 68, "fields": {"employee": 1, "status": "NOT_STARTED", "items": "[{\"content_id\": 3, \"title\": \"JS Crash Course\", \"skill\": \"JavaScript\", \"thumbnail\": \"https://img.youtube.com/vi/hdI2bqOjy3c/maxresdefault.jpg\", \"duration\": 100}, {\"content_id\": 1, \"title\": \"Django Crash Course\", \"skill\": \"Django\", \"thumbnail\": \"https://img.youtube.com/vi/rHux0gMZ3Eg/maxresdefault.jpg\", \"duration\": 60}]", "matched_skills": "[]", "missing_skills": "[\"JavaScript\", \"Django\"]", "created_at": "2026-01-09T17:26:44.928Z"}}, {"model": "learning.learningpath", "pk": 69, "fields": {"employee": 1, "status": "NOT_STARTED", "items": "[{\"content_id\": 3, \"title\": \"JS Crash Course\", \"skill\": \"JavaScript\", \"thumbnail\": \"https://img.youtube.com/vi/hdI2bqOjy3c/maxresdefault.jpg\", \"duration\": 100}, {\"content_id\": 1, \"title\": \"Django Crash Course\", \"skill\": \"Django\", \"thumbnail\": \"https://img.youtube.com/vi/rHux0gMZ3Eg/maxresdefault.jpg\", \"duration\": 60}]", "matched_skills": "[]", "missing_skills": "[\"JavaScript\", \"Django\"]", "created_at": "2026-01-09T17:26:44.971Z"}}, {"model": "learning.learningpath", "pk": 70, "fields": {"employee": 1, "status": "NOT_STARTED", "items": "[{\"content_id\": 3, \"title\": \"JS Crash Course\", \"skill\": \"JavaScript\", \"thumbnail\": \"https://img.youtube.com/vi/hdI2bqOjy3c/maxresdefault.jpg\", \"duration\": 100}, {\"content_id\": 1, \"title\": \"Django Crash Course\", \"skill\": \"Django\", \"thumbnail\": \"https://img.youtube.com/vi/rHux0gMZ3Eg/maxresdefault.jpg\", \"duration\": 60}]", "matched_skills": "[]", "missing_skills": "[\"JavaScript\", \"Django\"]", "created_at": "2026-01-09T17:27:21.534Z"}}, {"model": "learning.learningpath", "pk": 71, "fields": {"employee": 1, "status": "NOT_STARTED", "items": "[{\"content_id\": 3, \"title\": \"JS Crash Course\", \"skill\": \"JavaScript\", \"thumbnail\": \"https://img.youtube.com/vi/hdI2bqOjy3c/maxresdefault.jpg\", \"duration\": 100}, {\"content_id\": 1, \"title\": \"Django Crash Course\", \"skill\": \"Django\", \"thumbnail\": \"https://img.youtube.com/vi/rHux0gMZ3Eg/maxresdefault.jpg\", \"duration\": 60}]", "matched_skills": "[]", "missing_skills": "[\"JavaScript\", \"Django\"]", "created_at": "2026-01-09T17:27:21.574Z"}}, {"model": "learning.learningpath", "pk": 72, "fields": {"employee": 1, "status": "NOT_STARTED", "items": "[{\"content_id\": 3, \"title\": \"JS Crash Course\", \"skill\": \"JavaScript\", \"thumbnail\": \"https://img.youtube.com/vi/hdI2bqOjy3c/maxresdefault.jpg\", \"duration\": 100}, {\"content_id\": 1, \"title\": \"Django Crash Course\", \"skill\": \"Django\", \"thumbnail\": \"https://img.youtube.com/vi/rHux0gMZ3Eg/maxresdefault.jpg\", \"duration\": 60}]", "matched_skills": "[]", "missing_skills": "[\"JavaScript\", \"Django\"]", "created_at": "2026-01-09T17:30:52.766Z"}}, {"model": "learning.learningpath", "pk": 73, "fields": {"employee": 1, "status": "NOT_STARTED", "items": "[{\"content_id\": 3, \"title\": \"JS Crash Course\", \"skill\": \"JavaScript\", \"thumbnail\": \"https://img.youtube.com/vi/hdI2bqOjy3c/maxresdefault.jpg\", \"duration\": 100}, {\"content_id\": 1, \"title\": \"Django Crash Course\", \"skill\": \"Django\", \"thumbnail\": \"https://img.youtube.com/vi/rHux0gMZ3Eg/maxresdefault.jpg\", \"duration\": 60}]", "matched_skills": "[]", "missing_skills": "[\"JavaScript\", \"Django\"]", "created_at": "2026-01-09T17:30:52.798Z"}}, {"model": "learning.learningpath", "pk": 74, "fields": {"employee": 1, "status": "NOT_STARTED", "items": "[{\"content_id\": 3, \"title\": \"JS Crash Course\", \"skill\": \"JavaScript\", \"thumbnail\": \"https://img.youtube.com/vi/hdI2bqOjy3c/maxresdefault.jpg\", \"duration\": 100}, {\"content_id\": 1, \"title\": \"Django Crash Course\", \"skill\": \"Django\", \"thumbnail\": \"https://img.youtube.com/vi/rHux0gMZ3Eg/maxresdefault.jpg\", \"duration\": 60}]", "matched_skills": "[]", "missing_skills": "[\"JavaScript\", \"Django\"]", "created_at": "2026-01-09T17:30:54.307Z"}}, {"model": "learning.learningpath", "pk": 75, "fields": {"employee": 1, "status": "NOT_STARTED", "items": "[{\"content_id\": 3, \"title\": \"JS Crash Course\", \"skill\": \"JavaScript\", \"thumbnail\": \"https://img.youtube.com/vi/hdI2bqOjy3c/maxresdefault.jpg\", \"duration\": 100}, {\"content_id\": 1, \"title\": \"Django Crash Course\", \"skill\": \"Django\", \"thumbnail\": \"https://img.youtube.com/vi/rHux0gMZ3Eg/maxresdefault.jpg\", \"duration\": 60}]", "matched_skills": "[]", "missing_skills": "[\"JavaScript\", \"Django\"]", "created_at": "2026-01-09T17:30:54.337Z"}}, {"model": "learning.learningpath", "pk": 76, "fields": {"employee": 1, "status": "NOT_STARTED", "items": "[{\"content_id\": 3, \"title\": \"JS Crash Course\", \"skill\": \"JavaScript\", \"thumbnail\": \"https://img.youtube.com/vi/hdI2bqOjy3c/maxresdefault.jpg\", \"duration\": 100}, {\"content_id\": 1, \"title\": \"Django Crash Course\", \"skill\": \"Django\", \"thumbnail\": \"https://img.youtube.com/vi/rHux0gMZ3Eg/maxresdefault.jpg\", \"duration\": 60}]", "matched_skills": "[]", "missing_skills": "[\"JavaScript\", \"Django\"]", "created_at": "2026-01-09T17:30:55.876Z"}}, {"model": "learning.learningpath", "pk": 77, "fields": {"employee": 1, "status": "NOT_STARTED", "items": "[{\"content_id\": 3, \"title\": \"JS Crash Course\", \"skill\": \"JavaScript\", \"thumbnail\": \"https://img.youtube.com/vi/hdI2bqOjy3c/maxresdefault.jpg\", \"duration\": 100}, {\"content_id\": 1, \"title\": \"Django Crash Course\", \"skill\": \"Django\", \"thumbnail\": \"https://img.youtube.com/vi/rHux0gMZ3Eg/maxresdefault.jpg\", \"duration\": 60}]", "matched_skills": "[]", "missing_skills": "[\"JavaScript\", \"Django\"]", "created_at": "2026-01-09T17:30:55.905Z"}}, {"model": "learning.learningpath", "pk": 78, "fields": {"employee": 1, "status": "NOT_STARTED", "items": "[{\"content_id\": 3, \"title\": \"JS Crash Course\", \"skill\": \"JavaScript\", \"thumbnail\": \"https://img.youtube.com/vi/hdI2bqOjy3c/maxresdefault.jpg\", \"duration\": 100}, {\"content_id\": 1, \"title\": \"Django Crash Course\", \"skill\": \"Django\", \"thumbnail\": \"https://img.youtube.com/vi/rHux0gMZ3Eg/maxresdefault.jpg\", \"duration\": 60}]", "matched_skills": "[]", "missing_skills": "[\"JavaScript\", \"Django\"]", "created_at": "2026-01-09T17:30:57.632Z"}}, {"model": "learning.learningpath", "pk": 79, "fields": {"employee": 1, "status": "NOT_STARTED", "items": "[{\"content_id\": 3, \"title\": \"JS Crash Course\", \"skill\": \"JavaScript\", \"thumbnail\": \"https://img.youtube.com/vi/hdI2bqOjy3c/maxresdefault.jpg\", \"duration\": 100}, {\"content_id\": 1, \"title\": \"Django Crash Course\", \"skill\": \"Django\", \"thumbnail\": \"https://img.youtube.com/vi/rHux0gMZ3Eg/maxresdefault.jpg\", \"duration\": 60}]", "matched_skills": "[]", "missing_skills": "[\"JavaScript\", \"Django\"]", "created_at": "2026-01-09T17:30:57.657Z"}}, {"model": "learning.learningpath", "pk": 80, "fields": {"employee": 1, "status": "NOT_STARTED", "items": "[{\"content_id\": 3, \"title\": \"JS Crash Course\", \"skill\": \"JavaScript\", \"thumbnail\": \"https://img.youtube.com/vi/hdI2bqOjy3c/maxresdefault.jpg\", \"duration\": 100}, {\"content_id\": 1, \"title\": \"Django Crash Course\", \"skill\": \"Django\", \"thumbnail\": \"https://img.youtube.com/vi/rHux0gMZ3Eg/maxresdefault.jpg\", \"duration\": 60}]", "matched_skills": "[]", "missing_skills": "[\"JavaScript\", \"Django\"]", "created_at": "2026-01-09T17:30:58.506Z"}}, {"model": "learning.learningpath", "pk": 81, "fields": {"employee": 1, "status": "NOT_STARTED", "items": "[{\"content_id\": 3, \"title\": \"JS Crash Course\", \"skill\": \"JavaScript\", \"thumbnail\": \"https://img.youtube.com/vi/hdI2bqOjy3c/maxresdefault.jpg\", \"duration\": 100}, {\"content_id\": 1, \"title\": \"Django Crash Course\", \"skill\": \"Django\", \"thumbnail\": \"https://img.youtube.com/vi/rHux0gMZ3Eg/maxresdefault.jpg\", \"duration\": 60}]", "matched_skills": "[]", "missing_skills": "[\"JavaScript\", \"Django\"]", "created_at": "2026-01-09T17:30:58.537Z"}}, {"model": "learning.learningpath", "pk": 82, "fields": {"employee": 1, "status": "NOT_STARTED", "items": "[{\"content_id\": 3, \"title\": \"JS Crash Course\", \"skill\": \"JavaScript\", \"thumbnail\": \"https://img.youtube.com/vi/hdI2bqOjy3c/maxresdefault.jpg\", \"duration\": 100}, {\"content_id\": 1, \"title\": \"Django Crash Course\", \"skill\": \"Django\", \"thumbnail\": \"https://img.youtube.com/vi/rHux0gMZ3Eg/maxresdefault.jpg\", \"duration\": 60}]", "matched_skills": "[]", "missing_skills": "[\"JavaScript\", \"Django\"]", "created_at": "2026-01-09T17:30:58.978Z"}}, {"model": "learning.learningpath", "pk": 83, "fields": {"employee": 1, "status": "NOT_STARTED", "items": "[{\"content_id\": 3, \"title\": \"JS Crash Course\", \"skill\": \"JavaScript\", \"thumbnail\": \"https://img.youtube.com/vi/hdI2bqOjy3c/maxresdefault.jpg\", \"duration\": 100}, {\"content_id\": 1, \"title\": \"Django Crash Course\", \"skill\": \"Django\", \"thumbnail\": \"https://img.youtube.com/vi/rHux0gMZ3Eg/maxresdefault.jpg\", \"duration\": 60}]", "matched_skills": "[]", "missing_skills": "[\"JavaScript\", \"Django\"]", "created_at": "2026-01-09T17:30:59.007Z"}}, {"model": "learning.learningpath", "pk": 84, "fields": {"employee": 1, "status": "NOT_STARTED", "items": "[{\"content_id\": 3, \"title\": \"JS Crash Course\", \"skill\": \"JavaScript\", \"thumbnail\": \"https://img.youtube.com/vi/hdI2bqOjy3c/maxresdefault.jpg\", \"duration\": 100}, {\"content_id\": 1, \"title\": \"Django Crash Course\", \"skill\": \"Django\", \"thumbnail\": \"https://img.youtube.com/vi/rHux0gMZ3Eg/maxresdefault.jpg\", \"duration\": 60}]", "matched_skills": "[]", "missing_skills": "[\"JavaScript\", \"Django\"]", "created_at": "2026-01-09T17:31:09.691Z"}}, {"model": "learning.learningpath", "pk": 85, "fields": {"employee": 1, "status": "NOT_STARTED", "items": "[{\"content_id\": 3, \"title\": \"JS Crash Course\", \"skill\": \"JavaScript\", \"thumbnail\": \"https://img.youtube.com/vi/hdI2bqOjy3c/maxresdefault.jpg\", \"duration\": 100}, {\"content_id\": 1, \"title\": \"Django Crash Course\", \"skill\": \"Django\", \"thumbnail\": \"https://img.youtube.com/vi/rHux0gMZ3Eg/maxresdefault.jpg\", \"duration\": 60}]", "matched_skills": "[]", "missing_skills": "[\"JavaScript\", \"Django\"]", "created_at": "2026-01-09T17:31:09.744Z"}}, {"model": "learning.learningpath", "pk": 86, "fields": {"employee": 1, "status": "NOT_STARTED", "items": "[{\"content_id\": 3, \"title\": \"JS Crash Course\", \"skill\": \"JavaScript\", \"thumbnail\": \"https://img.youtube.com/vi/hdI2bqOjy3c/maxresdefault.jpg\", \"duration\": 100}, {\"content_id\": 1, \"title\": \"Django Crash Course\", \"skill\": \"Django\", \"thumbnail\": \"https://img.youtube.com/vi/rHux0gMZ3Eg/maxresdefault.jpg\", \"duration\": 60}]", "matched_skills": "[]", "missing_skills": "[\"JavaScript\", \"Django\"]", "created_at": "2026-01-09T17:31:10.820Z"}}, {"model": "learning.learningpath", "pk": 87, "fields": {"employee": 1, "status": "NOT_STARTED", "items": "[{\"content_id\": 3, \"title\": \"JS Crash Course\", \"skill\": \"JavaScript\", \"thumbnail\": \"https://img.youtube.com/vi/hdI2bqOjy3c/maxresdefault.jpg\", \"duration\": 100}, {\"content_id\": 1, \"title\": \"Django Crash Course\", \"skill\": \"Django\", \"thumbnail\": \"https://img.youtube.com/vi/rHux0gMZ3Eg/maxresdefault.jpg\", \"duration\": 60}]", "matched_skills": "[]", "missing_skills": "[\"JavaScript\", \"Django\"]", "created_at": "2026-01-09T17:31:10.857Z"}}, {"model": "learning.learningpath", "pk": 88, "fields": {"employee": 1, "status": "NOT_STARTED", "items": "[{\"content_id\": 3, \"title\": \"JS Crash Course\", \"skill\": \"JavaScript\", \"thumbnail\": \"https://img.youtube.com/vi/hdI2bqOjy3c/maxresdefault.jpg\", \"duration\": 100}, {\"content_id\": 1, \"title\": \"Django Crash Course\", \"skill\": \"Django\", \"thumbnail\": \"https://img.youtube.com/vi/rHux0gMZ3Eg/maxresdefault.jpg\", \"duration\": 60}]", "matched_skills": "[]", "missing_skills": "[\"JavaScript\", \"Django\"]", "created_at": "2026-01-09T17:31:12.091Z"}}, {"model": "learning.learningpath", "pk": 89, "fields": {"employee": 1, "status": "NOT_STARTED", "items": "[{\"content_id\": 3, \"title\": \"JS Crash Course\", \"skill\": \"JavaScript\", \"thumbnail\": \"https://img.youtube.com/vi/hdI2bqOjy3c/maxresdefault.jpg\", \"duration\": 100}, {\"content_id\": 1, \"title\": \"Django Crash Course\", \"skill\": \"Django\", \"thumbnail\": \"https://img.youtube.com/vi/rHux0gMZ3Eg/maxresdefault.jpg\", \"duration\": 60}]", "matched_skills": "[]", "missing_skills": "[\"JavaScript\", \"Django\"]", "created_at": "2026-01-09T17:31:12.131Z"}}, {"model": "learning.learningpath", "pk": 90, "fields": {"employee": 1, "status": "NOT_STARTED", "items": "[{\"content_id\": 3, \"title\": \"JS Crash Course\", \"skill\": \"JavaScript\", \"thumbnail\": \"https://img.youtube.com/vi/hdI2bqOjy3c/maxresdefault.jpg\", \"duration\": 100}, {\"content_id\": 1, \"title\": \"Django Crash Course\", \"skill\": \"Django\", \"thumbnail\": \"https://img.youtube.com/vi/rHux0gMZ3Eg/maxresdefault.jpg\", \"duration\": 60}]", "matched_skills": "[]", "missing_skills": "[\"JavaScript\", \"Django\"]", "created_at": "2026-01-09T17:31:13.185Z"}}, {"model": "learning.learningpath", "pk": 91, "fields": {"employee": 1, "status": "NOT_STARTED", "items": "[{\"content_id\": 3, \"title\": \"JS Crash Course\", \"skill\": \"JavaScript\", \"thumbnail\": \"https://img.youtube.com/vi/hdI2bqOjy3c/maxresdefault.jpg\", \"duration\": 100}, {\"content_id\": 1, \"title\": \"Django Crash Course\", \"skill\": \"Django\", \"thumbnail\": \"https://img.youtube.com/vi/rHux0gMZ3Eg/maxresdefault.jpg\", \"duration\": 60}]", "matched_skills": "[]", "missing_skills": "[\"JavaScript\", \"Django\"]", "created_at": "2026-01-09T17:31:13.222Z"}}, {"model": "learning.learningpath", "pk": 92, "fields": {"employee": 1, "status": "NOT_STARTED", "items": "[{\"content_id\": 3, \"title\": \"JS Crash Course\", \"skill\": \"JavaScript\", \"thumbnail\": \"https://img.youtube.com/vi/hdI2bqOjy3c/maxresdefault.jpg\", \"duration\": 100}, {\"content_id\": 1, \"title\": \"Django Crash Course\", \"skill\": \"Django\", \"thumbnail\": \"https://img.youtube.com/vi/rHux0gMZ3Eg/maxresdefault.jpg\", \"duration\": 60}]", "matched_skills": "[]", "missing_skills": "[\"JavaScript\", \"Django\"]", "created_at": "2026-01-09T17:31:20.414Z"}}, {"model": "learning.learningpath", "pk": 93, "fields": {"employee": 1, "status": "NOT_STARTED", "items": "[{\"content_id\": 3, \"title\": \"JS Crash Course\", \"skill\": \"JavaScript\", \"thumbnail\": \"https://img.youtube.com/vi/hdI2bqOjy3c/maxresdefault.jpg\", \"duration\": 100}, {\"content_id\": 1, \"title\": \"Django Crash Course\", \"skill\": \"Django\", \"thumbnail\": \"https://img.youtube.com/vi/rHux0gMZ3Eg/maxresdefault.jpg\", \"duration\": 60}]", "matched_skills": "[]", "missing_skills": "[\"JavaScript\", \"Django\"]", "created_at": "2026-01-09T17:31:20.453Z"}}, {"model": "learning.learningpath", "pk": 94, "fields": {"employee": 1, "status": "NOT_STARTED", "items": "[{\"content_id\": 3, \"title\": \"JS Crash Course\", \"skill\": \"JavaScript\", \"thumbnail\": \"https://img.youtube.com/vi/hdI2bqOjy3c/maxresdefault.jpg\", \"duration\": 100}, {\"content_id\": 1, \"title\": \"Django Crash Course\", \"skill\": \"Django\", \"thumbnail\": \"https://img.youtube.com/vi/rHux0gMZ3Eg/maxresdefault.jpg\", \"duration\": 60}]", "matched_skills": "[]", "missing_skills": "[\"JavaScript\", \"Django\"]", "created_at": "2026-01-09T17:31:21.354Z"}}, {"model": "learning.learningpath", "pk": 95, "fields": {"employee": 1, "status": "NOT_STARTED", "items": "[{\"content_id\": 3, \"title\": \"JS Crash Course\", \"skill\": \"JavaScript\", \"thumbnail\": \"https://img.youtube.com/vi/hdI2bqOjy3c/maxresdefault.jpg\", \"duration\": 100}, {\"content_id\": 1, \"title\": \"Django Crash Course\", \"skill\": \"Django\", \"thumbnail\": \"https://img.youtube.com/vi/rHux0gMZ3Eg/maxresdefault.jpg\", \"duration\": 60}]", "matched_skills": "[]", "missing_skills": "[\"JavaScript\", \"Django\"]", "created_at": "2026-01-09T17:31:21.388Z"}}, {"model": "learning.learningpath", "pk": 96, "fields": {"employee": 1, "status": "NOT_STARTED", "items": "[{\"content_id\": 3, \"title\": \"JS Crash Course\", \"skill\": \"JavaScript\", \"thumbnail\": \"https://img.youtube.com/vi/hdI2bqOjy3c/maxresdefault.jpg\", \"duration\": 100}, {\"content_id\": 1, \"title\": \"Django Crash Course\", \"skill\": \"Django\", \"thumbnail\": \"https://img.youtube.com/vi/rHux0gMZ3Eg/maxresdefault.jpg\", \"duration\": 60}]", "matched_skills": "[]", "missing_skills": "[\"JavaScript\", \"Django\"]", "created_at": "2026-01-09T17:31:36.877Z"}}, {"model": "learning.learningpath", "pk": 97, "fields": {"employee": 1, "status": "NOT_STARTED", "items": "[{\"content_id\": 3, \"title\": \"JS Crash Course\", \"skill\": \"JavaScript\", \"thumbnail\": \"https://img.youtube.com/vi/hdI2bqOjy3c/maxresdefault.jpg\", \"duration\": 100}, {\"content_id\": 1, \"title\": \"Django Crash Course\", \"skill\": \"Django\", \"thumbnail\": \"https://img.youtube.com/vi/rHux0gMZ3Eg/maxresdefault.jpg\", \"duration\": 60}]", "matched_skills": "[]", "missing_skills": "[\"JavaScript\", \"Django\"]", "created_at": "2026-01-09T17:31:36.915Z"}}, {"model": "learning.learningpath", "pk": 98, "fields": {"employee": 1, "status": "NOT_STARTED", "items": "[{\"content_id\": 3, \"title\": \"JS Crash Course\", \"skill\": \"JavaScript\", \"thumbnail\": \"https://img.youtube.com/vi/hdI2bqOjy3c/maxresdefault.jpg\", \"duration\": 100}, {\"content_id\": 1, \"title\": \"Django Crash Course\", \"skill\": \"Django\", \"thumbnail\": \"https://img.youtube.com/vi/rHux0gMZ3Eg/maxresdefault.jpg\", \"duration\": 60}]", "matched_skills": "[]", "missing_skills": "[\"JavaScript\", \"Django\"]", "created_at": "2026-01-09T17:34:39.723Z"}}, {"model": "learning.learningpath", "pk": 99, "fields": {"employee": 1, "status": "NOT_STARTED", "items": "[{\"content_id\": 3, \"title\": \"JS Crash Course\", \"skill\": \"JavaScript\", \"thumbnail\": \"https://img.youtube.com/vi/hdI2bqOjy3c/maxresdefault.jpg\", \"duration\": 100}, {\"content_id\": 1, \"title\": \"Django Crash Course\", \"skill\": \"Django\", \"thumbnail\": \"https://img.youtube.com/vi/rHux0gMZ3Eg/maxresdefault.jpg\", \"duration\": 60}]", "matched_skills": "[]", "missing_skills": "[\"JavaScript\", \"Django\"]", "created_at": "2026-01-09T17:34:39.766Z"}}, {"model": "learning.learningpath", "pk": 100, "fields": {"employee": 1, "status": "NOT_STARTED", "items": "[{\"content_id\": 3, \"title\": \"JS Crash Course\", \"skill\": \"JavaScript\", \"thumbnail\": \"https://img.youtube.com/vi/hdI2bqOjy3c/maxresdefault.jpg\", \"duration\": 100}, {\"content_id\": 1, \"title\": \"Django Crash Course\", \"skill\": \"Django\", \"thumbnail\": \"https://img.youtube.com/vi/rHux0gMZ3Eg/maxresdefault.jpg\", \"duration\": 60}]", "matched_skills": "[]", "missing_skills": "[\"JavaScript\", \"Django\"]", "created_at": "2026-01-09T17:34:45.302Z"}}, {"model": "learning.learningpath", "pk": 101, "fields": {"employee": 1, "status": "NOT_STARTED", "items": "[{\"content_id\": 3, \"title\": \"JS Crash Course\", \"skill\": \"JavaScript\", \"thumbnail\": \"https://img.youtube.com/vi/hdI2bqOjy3c/maxresdefault.jpg\", \"duration\": 100}, {\"content_id\": 1, \"title\": \"Django Crash Course\", \"skill\": \"Django\", \"thumbnail\": \"https://img.youtube.com/vi/rHux0gMZ3Eg/maxresdefault.jpg\", \"duration\": 60}]", "matched_skills": "[]", "missing_skills": "[\"JavaScript\", \"Django\"]", "created_at": "2026-01-09T17:34:45.335Z"}}, {"model": "learning.learningpath", "pk": 102, "fields": {"employee": 1, "status": "NOT_STARTED", "items": "[{\"content_id\": 3, \"title\": \"JS Crash Course\", \"skill\": \"JavaScript\", \"thumbnail\": \"https://img.youtube.com/vi/hdI2bqOjy3c/maxresdefault.jpg\", \"duration\": 100}, {\"content_id\": 1, \"title\": \"Django Crash Course\", \"skill\": \"Django\", \"thumbnail\": \"https://img.youtube.com/vi/rHux0gMZ3Eg/maxresdefault.jpg\", \"duration\": 60}]", "matched_skills": "[]", "missing_skills": "[\"JavaScript\", \"Django\"]", "created_at": "2026-01-09T17:37:57.476Z"}}, {"model": "learning.learningpath", "pk": 103, "fields": {"employee": 1, "status": "NOT_STARTED", "items": "[{\"content_id\": 3, \"title\": \"JS Crash Course\", \"skill\": \"JavaScript\", \"thumbnail\": \"https://img.youtube.com/vi/hdI2bqOjy3c/maxresdefault.jpg\", \"duration\": 100}, {\"content_id\": 1, \"title\": \"Django Crash Course\", \"skill\": \"Django\", \"thumbnail\": \"https://img.youtube.com/vi/rHux0gMZ3Eg/maxresdefault.jpg\", \"duration\": 60}]", "matched_skills": "[]", "missing_skills": "[\"JavaScript\", \"Django\"]", "created_at": "2026-01-09T17:37:57.512Z"}}, {"model": "learning.learningpath", "pk": 104, "fields": {"employee": 1, "status": "NOT_STARTED", "items": "[{\"content_id\": 3, \"title\": \"JS Crash Course\", \"skill\": \"JavaScript\", \"thumbnail\": \"https://img.youtube.com/vi/hdI2bqOjy3c/maxresdefault.jpg\", \"duration\": 100}, {\"content_id\": 1, \"title\": \"Django Crash Course\", \"skill\": \"Django\", \"thumbnail\": \"https://img.youtube.com/vi/rHux0gMZ3Eg/maxresdefault.jpg\", \"duration\": 60}]", "matched_skills": "[]", "missing_skills": "[\"JavaScript\", \"Django\"]", "created_at": "2026-01-09T17:38:01.535Z"}}, {"model": "learning.learningpath", "pk": 105, "fields": {"employee": 1, "status": "NOT_STARTED", "items": "[{\"content_id\": 3, \"title\": \"JS Crash Course\", \"skill\": \"JavaScript\", \"thumbnail\": \"https://img.youtube.com/vi/hdI2bqOjy3c/maxresdefault.jpg\", \"duration\": 100}, {\"content_id\": 1, \"title\": \"Django Crash Course\", \"skill\": \"Django\", \"thumbnail\": \"https://img.youtube.com/vi/rHux0gMZ3Eg/maxresdefault.jpg\", \"duration\": 60}]", "matched_skills": "[]", "missing_skills": "[\"JavaScript\", \"Django\"]", "created_at": "2026-01-09T17:38:03.982Z"}}, {"model": "learning.learningpath", "pk": 106, "fields": {"employee": 1, "status": "NOT_STARTED", "items": "[{\"content_id\": 3, \"title\": \"JS Crash Course\", \"skill\": \"JavaScript\", \"thumbnail\": \"https://img.youtube.com/vi/hdI2bqOjy3c/maxresdefault.jpg\", \"duration\": 100}, {\"content_id\": 1, \"title\": \"Django Crash Course\", \"skill\": \"Django\", \"thumbnail\": \"https://img.youtube.com/vi/rHux0gMZ3Eg/maxresdefault.jpg\", \"duration\": 60}]", "matched_skills": "[]", "missing_skills": "[\"JavaScript\", \"Django\"]", "created_at": "2026-01-09T17:38:05.571Z"}}, {"model": "learning.learningpath", "pk": 107, "fields": {"employee": 1, "status": "NOT_STARTED", "items": "[{\"content_id\": 3, \"title\": \"JS Crash Course\", \"skill\": \"JavaScript\", \"thumbnail\": \"https://img.youtube.com/vi/hdI2bqOjy3c/maxresdefault.jpg\", \"duration\": 100}, {\"content_id\": 1, \"title\": \"Django Crash Course\", \"skill\": \"Django\", \"thumbnail\": \"https://img.youtube.com/vi/rHux0gMZ3Eg/maxresdefault.jpg\", \"duration\": 60}]", "matched_skills": "[]", "missing_skills": "[\"JavaScript\", \"Django\"]", "created_at": "2026-01-09T17:38:05.985Z"}}, {"model": "learning.learningpath", "pk": 108, "fields": {"employee": 1, "status": "NOT_STARTED", "items": "[{\"content_id\": 3, \"title\": \"JS Crash Course\", \"skill\": \"JavaScript\", \"thumbnail\": \"https://img.youtube.com/vi/hdI2bqOjy3c/maxresdefault.jpg\", \"duration\": 100}, {\"content_id\": 1, \"title\": \"Django Crash Course\", \"skill\": \"Django\", \"thumbnail\": \"https://img.youtube.com/vi/rHux0gMZ3Eg/maxresdefault.jpg\", \"duration\": 60}]", "matched_skills": "[]", "missing_skills": "[\"JavaScript\", \"Django\"]", "created_at": "2026-01-09T17:38:06.174Z"}}, {"model": "learning.learningpath", "pk": 109, "fields": {"employee": 1, "status": "NOT_STARTED", "items": "[{\"content_id\": 3, \"title\": \"JS Crash Course\", \"skill\": \"JavaScript\", \"thumbnail\": \"https://img.youtube.com/vi/hdI2bqOjy3c/maxresdefault.jpg\", \"duration\": 100}, {\"content_id\": 1, \"title\": \"Django Crash Course\", \"skill\": \"Django\", \"thumbnail\": \"https://img.youtube.com/vi/rHux0gMZ3Eg/maxresdefault.jpg\", \"duration\": 60}]", "matched_skills": "[]", "missing_skills": "[\"JavaScript\", \"Django\"]", "created_at": "2026-01-09T17:38:06.389Z"}}, {"model": "learning.learningpath", "pk": 110, "fields": {"employee": 1, "status": "NOT_STARTED", "items": "[{\"content_id\": 3, \"title\": \"JS Crash Course\", \"skill\": \"JavaScript\", \"thumbnail\": \"https://img.youtube.com/vi/hdI2bqOjy3c/maxresdefault.jpg\", \"duration\": 100}, {\"content_id\": 1, \"title\": \"Django Crash Course\", \"skill\": \"Django\", \"thumbnail\": \"https://img.youtube.com/vi/rHux0gMZ3Eg/maxresdefault.jpg\", \"duration\": 60}]", "matched_skills": "[]", "missing_skills": "[\"JavaScript\", \"Django\"]", "created_at": "2026-01-09T17:38:06.622Z"}}, {"model": "learning.learningpath", "pk": 111, "fields": {"employee": 1, "status": "NOT_STARTED", "items": "[{\"content_id\": 3, \"title\": \"JS Crash Course\", \"skill\": \"JavaScript\", \"thumbnail\": \"https://img.youtube.com/vi/hdI2bqOjy3c/maxresdefault.jpg\", \"duration\": 100}, {\"content_id\": 1, \"title\": \"Django Crash Course\", \"skill\": \"Django\", \"thumbnail\": \"https://img.youtube.com/vi/rHux0gMZ3Eg/maxresdefault.jpg\", \"duration\": 60}]", "matched_skills": "[]", "missing_skills": "[\"JavaScript\", \"Django\"]", "created_at": "2026-01-09T17:38:06.851Z"}}, {"model": "learning.learningpath", "pk": 112, "fields": {"employee": 1, "status": "NOT_STARTED", "items": "[{\"content_id\": 3, \"title\": \"JS Crash Course\", \"skill\": \"JavaScript\", \"thumbnail\": \"https://img.youtube.com/vi/hdI2bqOjy3c/maxresdefault.jpg\", \"duration\": 100}, {\"content_id\": 1, \"title\": \"Django Crash Course\", \"skill\": \"Django\", \"thumbnail\": \"https://img.youtube.com/vi/rHux0gMZ3Eg/maxresdefault.jpg\", \"duration\": 60}]", "matched_skills": "[]", "missing_skills": "[\"JavaScript\", \"Django\"]", "created_at": "2026-01-09T17:38:07.047Z"}}, {"model": "learning.learningpath", "pk": 113, "fields": {"employee": 1, "status": "NOT_STARTED", "items": "[{\"content_id\": 3, \"title\": \"JS Crash Course\", \"skill\": \"JavaScript\", \"thumbnail\": \"https://img.youtube.com/vi/hdI2bqOjy3c/maxresdefault.jpg\", \"duration\": 100}, {\"content_id\": 1, \"title\": \"Django Crash Course\", \"skill\": \"Django\", \"thumbnail\": \"https://img.youtube.com/vi/rHux0gMZ3Eg/maxresdefault.jpg\", \"duration\": 60}]", "matched_skills": "[]", "missing_skills": "[\"JavaScript\", \"Django\"]", "created_at": "2026-01-09T17:38:07.290Z"}}, {"model": "learning.learningpath", "pk": 114, "fields": {"employee": 1, "status": "NOT_STARTED", "items": "[{\"content_id\": 3, \"title\": \"JS Crash Course\", \"skill\": \"JavaScript\", \"thumbnail\": \"https://img.youtube.com/vi/hdI2bqOjy3c/maxresdefault.jpg\", \"duration\": 100}, {\"content_id\": 1, \"title\": \"Django Crash Course\", \"skill\": \"Django\", \"thumbnail\": \"https://img.youtube.com/vi/rHux0gMZ3Eg/maxresdefault.jpg\", \"duration\": 60}]", "matched_skills": "[]", "missing_skills": "[\"JavaScript\", \"Django\"]", "created_at": "2026-01-09T17:38:09.563Z"}}, {"model": "learning.learningpath", "pk": 115, "fields": {"employee": 1, "status": "NOT_STARTED", "items": "[{\"content_id\": 3, \"title\": \"JS Crash Course\", \"skill\": \"JavaScript\", \"thumbnail\": \"https://img.youtube.com/vi/hdI2bqOjy3c/maxresdefault.jpg\", \"duration\": 100}, {\"content_id\": 1, \"title\": \"Django Crash Course\", \"skill\": \"Django\", \"thumbnail\": \"https://img.youtube.com/vi/rHux0gMZ3Eg/maxresdefault.jpg\", \"duration\": 60}]", "matched_skills": "[]", "missing_skills": "[\"JavaScript\", \"Django\"]", "created_at": "2026-01-09T17:38:09.596Z"}}, {"model": "learning.learningpath", "pk": 116, "fields": {"employee": 1, "status": "NOT_STARTED", "items": "[{\"content_id\": 3, \"title\": \"JS Crash Course\", \"skill\": \"JavaScript\", \"thumbnail\": \"https://img.youtube.com/vi/hdI2bqOjy3c/maxresdefault.jpg\", \"duration\": 100}, {\"content_id\": 1, \"title\": \"Django Crash Course\", \"skill\": \"Django\", \"thumbnail\": \"https://img.youtube.com/vi/rHux0gMZ3Eg/maxresdefault.jpg\", \"duration\": 60}]", "matched_skills": "[]", "missing_skills": "[\"JavaScript\", \"Django\"]", "created_at": "2026-01-09T17:38:14.697Z"}}, {"model": "learning.learningpath", "pk": 117, "fields": {"employee": 1, "status": "NOT_STARTED", "items": "[{\"content_id\": 3, \"title\": \"JS Crash Course\", \"skill\": \"JavaScript\", \"thumbnail\": \"https://img.youtube.com/vi/hdI2bqOjy3c/maxresdefault.jpg\", \"duration\": 100}, {\"content_id\": 1, \"title\": \"Django Crash Course\", \"skill\": \"Django\", \"thumbnail\": \"https://img.youtube.com/vi/rHux0gMZ3Eg/maxresdefault.jpg\", \"duration\": 60}]", "matched_skills": "[]", "missing_skills": "[\"JavaScript\", \"Django\"]", "created_at": "2026-01-09T17:38:15.197Z"}}, {"model": "learning.learningpath", "pk": 118, "fields": {"employee": 1, "status": "NOT_STARTED", "items": "[{\"content_id\": 3, \"title\": \"JS Crash Course\", \"skill\": \"JavaScript\", \"thumbnail\": \"https://img.youtube.com/vi/hdI2bqOjy3c/maxresdefault.jpg\", \"duration\": 100}, {\"content_id\": 1, \"title\": \"Django Crash Course\", \"skill\": \"Django\", \"thumbnail\": \"https://img.youtube.com/vi/rHux0gMZ3Eg/maxresdefault.jpg\", \"duration\": 60}]", "matched_skills": "[]", "missing_skills": "[\"JavaScript\", \"Django\"]", "created_at": "2026-01-09T17:38:15.374Z"}}, {"model": "learning.learningpath", "pk": 119, "fields": {"employee": 1, "status": "NOT_STARTED", "items": "[{\"content_id\": 3, \"title\": \"JS Crash Course\", \"skill\": \"JavaScript\", \"thumbnail\": \"https://img.youtube.com/vi/hdI2bqOjy3c/maxresdefault.jpg\", \"duration\": 100}, {\"content_id\": 1, \"title\": \"Django Crash Course\", \"skill\": \"Django\", \"thumbnail\": \"https://img.youtube.com/vi/rHux0gMZ3Eg/maxresdefault.jpg\", \"duration\": 60}]", "matched_skills": "[]", "missing_skills": "[\"JavaScript\", \"Django\"]", "created_at": "2026-01-09T17:38:15.607Z"}}, {"model": "learning.learningpath", "pk": 120, "fields": {"employee": 1, "status": "NOT_STARTED", "items": "[{\"content_id\": 3, \"title\": \"JS Crash Course\", \"skill\": \"JavaScript\", \"thumbnail\": \"https://img.youtube.com/vi/hdI2bqOjy3c/maxresdefault.jpg\", \"duration\": 100}, {\"content_id\": 1, \"title\": \"Django Crash Course\", \"skill\": \"Django\", \"thumbnail\": \"https://img.youtube.com/vi/rHux0gMZ3Eg/maxresdefault.jpg\", \"duration\": 60}]", "matched_skills": "[]", "missing_skills": "[\"JavaScript\", \"Django\"]", "created_at": "2026-01-09T17:38:16.857Z"}}, {"model": "learning.learningpath", "pk": 121, "fields": {"employee": 1, "status": "NOT_STARTED", "items": "[{\"content_id\": 3, \"title\": \"JS Crash Course\", \"skill\": \"JavaScript\", \"thumbnail\": \"https://img.youtube.com/vi/hdI2bqOjy3c/maxresdefault.jpg\", \"duration\": 100}, {\"content_id\": 1, \"title\": \"Django Crash Course\", \"skill\": \"Django\", \"thumbnail\": \"https://img.youtube.com/vi/rHux0gMZ3Eg/maxresdefault.jpg\", \"duration\": 60}]", "matched_skills": "[]", "missing_skills": "[\"JavaScript\", \"Django\"]", "created_at": "2026-01-09T17:38:17.047Z"}}, {"model": "learning.learningpath", "pk": 122, "fields": {"employee": 1, "status": "NOT_STARTED", "items": "[{\"content_id\": 3, \"title\": \"JS Crash Course\", \"skill\": \"JavaScript\", \"thumbnail\": \"https://img.youtube.com/vi/hdI2bqOjy3c/maxresdefault.jpg\", \"duration\": 100}, {\"content_id\": 1, \"title\": \"Django Crash Course\", \"skill\": \"Django\", \"thumbnail\": \"https://img.youtube.com/vi/rHux0gMZ3Eg/maxresdefault.jpg\", \"duration\": 60}]", "matched_skills": "[]", "missing_skills": "[\"JavaScript\", \"Django\"]", "created_at": "2026-01-09T17:38:17.258Z"}}, {"model": "learning.learningpath", "pk": 123, "fields": {"employee": 1, "status": "NOT_STARTED", "items": "[{\"content_id\": 3, \"title\": \"JS Crash Course\", \"skill\": \"JavaScript\", \"thumbnail\": \"https://img.youtube.com/vi/hdI2bqOjy3c/maxresdefault.jpg\", \"duration\": 100}, {\"content_id\": 1, \"title\": \"Django Crash Course\", \"skill\": \"Django\", \"thumbnail\": \"https://img.youtube.com/vi/rHux0gMZ3Eg/maxresdefault.jpg\", \"duration\": 60}]", "matched_skills": "[]", "missing_skills": "[\"JavaScript\", \"Django\"]", "created_at": "2026-01-09T17:38:17.445Z"}}, {"model": "learning.learningpath", "pk": 124, "fields": {"employee": 1, "status": "NOT_STARTED", "items": "[{\"content_id\": 3, \"title\": \"JS Crash Course\", \"skill\": \"JavaScript\", \"thumbnail\": \"https://img.youtube.com/vi/hdI2bqOjy3c/maxresdefault.jpg\", \"duration\": 100}, {\"content_id\": 1, \"title\": \"Django Crash Course\", \"skill\": \"Django\", \"thumbnail\": \"https://img.youtube.com/vi/rHux0gMZ3Eg/maxresdefault.jpg\", \"duration\": 60}]", "matched_skills": "[]", "missing_skills": "[\"JavaScript\", \"Django\"]", "created_at": "2026-01-09T17:38:19.258Z"}}, {"model": "learning.learningpath", "pk": 125, "fields": {"employee": 1, "status": "NOT_STARTED", "items": "[{\"content_id\": 3, \"title\": \"JS Crash Course\", \"skill\": \"JavaScript\", \"thumbnail\": \"https://img.youtube.com/vi/hdI2bqOjy3c/maxresdefault.jpg\", \"duration\": 100}, {\"content_id\": 1, \"title\": \"Django Crash Course\", \"skill\": \"Django\", \"thumbnail\": \"https://img.youtube.com/vi/rHux0gMZ3Eg/maxresdefault.jpg\", \"duration\": 60}]", "matched_skills": "[]", "missing_skills": "[\"JavaScript\", \"Django\"]", "created_at": "2026-01-09T17:38:19.484Z"}}, {"model": "learning.learningpath", "pk": 126, "fields": {"employee": 1, "status": "NOT_STARTED", "items": "[{\"content_id\": 3, \"title\": \"JS Crash Course\", \"skill\": \"JavaScript\", \"thumbnail\": \"https://img.youtube.com/vi/hdI2bqOjy3c/maxresdefault.jpg\", \"duration\": 100}, {\"content_id\": 1, \"title\": \"Django Crash Course\", \"skill\": \"Django\", \"thumbnail\": \"https://img.youtube.com/vi/rHux0gMZ3Eg/maxresdefault.jpg\", \"duration\": 60}]", "matched_skills": "[]", "missing_skills": "[\"JavaScript\", \"Django\"]", "created_at": "2026-01-09T17:38:19.687Z"}}, {"model": "learning.learningpath", "pk": 127, "fields": {"employee": 1, "status": "NOT_STARTED", "items": "[{\"content_id\": 3, \"title\": \"JS Crash Course\", \"skill\": \"JavaScript\", \"thumbnail\": \"https://img.youtube.com/vi/hdI2bqOjy3c/maxresdefault.jpg\", \"duration\": 100}, {\"content_id\": 1, \"title\": \"Django Crash Course\", \"skill\": \"Django\", \"thumbnail\": \"https://img.youtube.com/vi/rHux0gMZ3Eg/maxresdefault.jpg\", \"duration\": 60}]", "matched_skills": "[]", "missing_skills": "[\"JavaScript\", \"Django\"]", "created_at": "2026-01-09T17:38:19.881Z"}}, {"model": "learning.learningpath", "pk": 128, "fields": {"employee": 1, "status": "NOT_STARTED", "items": "[{\"content_id\": 3, \"title\": \"JS Crash Course\", \"skill\": \"JavaScript\", \"thumbnail\": \"https://img.youtube.com/vi/hdI2bqOjy3c/maxresdefault.jpg\", \"duration\": 100}, {\"content_id\": 1, \"title\": \"Django Crash Course\", \"skill\": \"Django\", \"thumbnail\": \"https://img.youtube.com/vi/rHux0gMZ3Eg/maxresdefault.jpg\", \"duration\": 60}]", "matched_skills": "[]", "missing_skills": "[\"JavaScript\", \"Django\"]", "created_at": "2026-01-09T17:38:20.076Z"}}, {"model": "learning.learningpath", "pk": 129, "fields": {"employee": 1, "status": "NOT_STARTED", "items": "[{\"content_id\": 3, \"title\": \"JS Crash Course\", \"skill\": \"JavaScript\", \"thumbnail\": \"https://img.youtube.com/vi/hdI2bqOjy3c/maxresdefault.jpg\", \"duration\": 100}, {\"content_id\": 1, \"title\": \"Django Crash Course\", \"skill\": \"Django\", \"thumbnail\": \"https://img.youtube.com/vi/rHux0gMZ3Eg/maxresdefault.jpg\", \"duration\": 60}]", "matched_skills": "[]", "missing_skills": "[\"JavaScript\", \"Django\"]", "created_at": "2026-01-09T17:38:30.147Z"}}, {"model": "learning.learningpath", "pk": 130, "fields": {"employee": 1, "status": "NOT_STARTED", "items": "[{\"content_id\": 3, \"title\": \"JS Crash Course\", \"skill\": \"JavaScript\", \"thumbnail\": \"https://img.youtube.com/vi/hdI2bqOjy3c/maxresdefault.jpg\", \"duration\": 100}, {\"content_id\": 1, \"title\": \"Django Crash Course\", \"skill\": \"Django\", \"thumbnail\": \"https://img.youtube.com/vi/rHux0gMZ3Eg/maxresdefault.jpg\", \"duration\": 60}]", "matched_skills": "[]", "missing_skills": "[\"JavaScript\", \"Django\"]", "created_at": "2026-01-09T17:38:30.190Z"}}, {"model": "learning.learningpath", "pk": 131, "fields": {"employee": 1, "status": "NOT_STARTED", "items": "[{\"content_id\": 3, \"title\": \"JS Crash Course\", \"skill\": \"JavaScript\", \"thumbnail\": \"https://img.youtube.com/vi/hdI2bqOjy3c/maxresdefault.jpg\", \"duration\": 100}, {\"content_id\": 1, \"title\": \"Django Crash Course\", \"skill\": \"Django\", \"thumbnail\": \"https://img.youtube.com/vi/rHux0gMZ3Eg/maxresdefault.jpg\", \"duration\": 60}]", "matched_skills": "[]", "missing_skills": "[\"JavaScript\", \"Django\"]", "created_at": "2026-01-09T17:38:32.060Z"}}, {"model": "learning.learningpath", "pk": 132, "fields": {"employee": 1, "status": "NOT_STARTED", "items": "[{\"content_id\": 3, \"title\": \"JS Crash Course\", \"skill\": \"JavaScript\", \"thumbnail\": \"https://img.youtube.com/vi/hdI2bqOjy3c/maxresdefault.jpg\", \"duration\": 100}, {\"content_id\": 1, \"title\": \"Django Crash Course\", \"skill\": \"Django\", \"thumbnail\": \"https://img.youtube.com/vi/rHux0gMZ3Eg/maxresdefault.jpg\", \"duration\": 60}]", "matched_skills": "[]", "missing_skills": "[\"JavaScript\", \"Django\"]", "created_at": "2026-01-09T17:38:59.927Z"}}, {"model": "learning.learningpath", "pk": 133, "fields": {"employee": 1, "status": "NOT_STARTED", "items": "[{\"content_id\": 3, \"title\": \"JS Crash Course\", \"skill\": \"JavaScript\", \"thumbnail\": \"https://img.youtube.com/vi/hdI2bqOjy3c/maxresdefault.jpg\", \"duration\": 100}, {\"content_id\": 1, \"title\": \"Django Crash Course\", \"skill\": \"Django\", \"thumbnail\": \"https://img.youtube.com/vi/rHux0gMZ3Eg/maxresdefault.jpg\", \"duration\": 60}]", "matched_skills": "[]", "missing_skills": "[\"JavaScript\", \"Django\"]", "created_at": "2026-01-09T17:38:59.964Z"}}, {"model": "learning.learningpath", "pk": 134, "fields": {"employee": 1, "status": "NOT_STARTED", "items": "[{\"content_id\": 3, \"title\": \"JS Crash Course\", \"skill\": \"JavaScript\", \"thumbnail\": \"https://img.youtube.com/vi/hdI2bqOjy3c/maxresdefault.jpg\", \"duration\": 100}, {\"content_id\": 1, \"title\": \"Django Crash Course\", \"skill\": \"Django\", \"thumbnail\": \"https://img.youtube.com/vi/rHux0gMZ3Eg/maxresdefault.jpg\", \"duration\": 60}]", "matched_skills": "[]", "missing_skills": "[\"JavaScript\", \"Django\"]", "created_at": "2026-01-09T17:39:03.637Z"}}, {"model": "learning.learningpath", "pk": 135, "fields": {"employee": 1, "status": "NOT_STARTED", "items": "[{\"content_id\": 3, \"title\": \"JS Crash Course\", \"skill\": \"JavaScript\", \"thumbnail\": \"https://img.youtube.com/vi/hdI2bqOjy3c/maxresdefault.jpg\", \"duration\": 100}, {\"content_id\": 1, \"title\": \"Django Crash Course\", \"skill\": \"Django\", \"thumbnail\": \"https://img.youtube.com/vi/rHux0gMZ3Eg/maxresdefault.jpg\", \"duration\": 60}]", "matched_skills": "[]", "missing_skills": "[\"JavaScript\", \"Django\"]", "created_at": "2026-01-09T17:39:03.682Z"}}, {"model": "learning.learningpath", "pk": 136, "fields": {"employee": 1, "status": "NOT_STARTED", "items": "[{\"content_id\": 3, \"title\": \"JS Crash Course\", \"skill\": \"JavaScript\", \"thumbnail\": \"https://img.youtube.com/vi/hdI2bqOjy3c/maxresdefault.jpg\", \"duration\": 100}, {\"content_id\": 1, \"title\": \"Django Crash Course\", \"skill\": \"Django\", \"thumbnail\": \"https://img.youtube.com/vi/rHux0gMZ3Eg/maxresdefault.jpg\", \"duration\": 60}]", "matched_skills": "[]", "missing_skills": "[\"JavaScript\", \"Django\"]", "created_at": "2026-01-09T17:39:06.187Z"}}, {"model": "learning.learningpath", "pk": 137, "fields": {"employee": 1, "status": "NOT_STARTED", "items": "[{\"content_id\": 3, \"title\": \"JS Crash Course\", \"skill\": \"JavaScript\", \"thumbnail\": \"https://img.youtube.com/vi/hdI2bqOjy3c/maxresdefault.jpg\", \"duration\": 100}, {\"content_id\": 1, \"title\": \"Django Crash Course\", \"skill\": \"Django\", \"thumbnail\": \"https://img.youtube.com/vi/rHux0gMZ3Eg/maxresdefault.jpg\", \"duration\": 60}]", "matched_skills": "[]", "missing_skills": "[\"JavaScript\", \"Django\"]", "created_at": "2026-01-09T17:39:06.245Z"}}, {"model": "learning.learningpath", "pk": 138, "fields": {"employee": 1, "status": "NOT_STARTED", "items": "[{\"content_id\": 3, \"title\": \"JS Crash Course\", \"skill\": \"JavaScript\", \"thumbnail\": \"https://img.youtube.com/vi/hdI2bqOjy3c/maxresdefault.jpg\", \"duration\": 100}, {\"content_id\": 1, \"title\": \"Django Crash Course\", \"skill\": \"Django\", \"thumbnail\": \"https://img.youtube.com/vi/rHux0gMZ3Eg/maxresdefault.jpg\", \"duration\": 60}]", "matched_skills": "[]", "missing_skills": "[\"JavaScript\", \"Django\"]", "created_at": "2026-01-09T17:39:07.514Z"}}, {"model": "learning.learningpath", "pk": 139, "fields": {"employee": 1, "status": "NOT_STARTED", "items": "[{\"content_id\": 3, \"title\": \"JS Crash Course\", \"skill\": \"JavaScript\", \"thumbnail\": \"https://img.youtube.com/vi/hdI2bqOjy3c/maxresdefault.jpg\", \"duration\": 100}, {\"content_id\": 1, \"title\": \"Django Crash Course\", \"skill\": \"Django\", \"thumbnail\": \"https://img.youtube.com/vi/rHux0gMZ3Eg/maxresdefault.jpg\", \"duration\": 60}]", "matched_skills": "[]", "missing_skills": "[\"JavaScript\", \"Django\"]", "created_at": "2026-01-09T17:39:07.554Z"}}, {"model": "learning.learningpath", "pk": 140, "fields": {"employee": 1, "status": "NOT_STARTED", "items": "[{\"content_id\": 3, \"title\": \"JS Crash Course\", \"skill\": \"JavaScript\", \"thumbnail\": \"https://img.youtube.com/vi/hdI2bqOjy3c/maxresdefault.jpg\", \"duration\": 100}, {\"content_id\": 1, \"title\": \"Django Crash Course\", \"skill\": \"Django\", \"thumbnail\": \"https://img.youtube.com/vi/rHux0gMZ3Eg/maxresdefault.jpg\", \"duration\": 60}]", "matched_skills": "[]", "missing_skills": "[\"JavaScript\", \"Django\"]", "created_at": "2026-01-09T17:39:08.592Z"}}, {"model": "learning.learningpath", "pk": 141, "fields": {"employee": 1, "status": "NOT_STARTED", "items": "[{\"content_id\": 3, \"title\": \"JS Crash Course\", \"skill\": \"JavaScript\", \"thumbnail\": \"https://img.youtube.com/vi/hdI2bqOjy3c/maxresdefault.jpg\", \"duration\": 100}, {\"content_id\": 1, \"title\": \"Django Crash Course\", \"skill\": \"Django\", \"thumbnail\": \"https://img.youtube.com/vi/rHux0gMZ3Eg/maxresdefault.jpg\", \"duration\": 60}]", "matched_skills": "[]", "missing_skills": "[\"JavaScript\", \"Django\"]", "created_at": "2026-01-09T17:39:08.628Z"}}, {"model": "learning.learningpath", "pk": 142, "fields": {"employee": 1, "status": "NOT_STARTED", "items": "[{\"content_id\": 3, \"title\": \"JS Crash Course\", \"skill\": \"JavaScript\", \"thumbnail\": \"https://img.youtube.com/vi/hdI2bqOjy3c/maxresdefault.jpg\", \"duration\": 100}, {\"content_id\": 1, \"title\": \"Django Crash Course\", \"skill\": \"Django\", \"thumbnail\": \"https://img.youtube.com/vi/rHux0gMZ3Eg/maxresdefault.jpg\", \"duration\": 60}]", "matched_skills": "[]", "missing_skills": "[\"JavaScript\", \"Django\"]", "created_at": "2026-01-09T17:39:09.484Z"}}, {"model": "learning.learningpath", "pk": 143, "fields": {"employee": 1, "status": "NOT_STARTED", "items": "[{\"content_id\": 3, \"title\": \"JS Crash Course\", \"skill\": \"JavaScript\", \"thumbnail\": \"https://img.youtube.com/vi/hdI2bqOjy3c/maxresdefault.jpg\", \"duration\": 100}, {\"content_id\": 1, \"title\": \"Django Crash Course\", \"skill\": \"Django\", \"thumbnail\": \"https://img.youtube.com/vi/rHux0gMZ3Eg/maxresdefault.jpg\", \"duration\": 60}]", "matched_skills": "[]", "missing_skills": "[\"JavaScript\", \"Django\"]", "created_at": "2026-01-09T17:39:09.518Z"}}, {"model": "learning.learningpath", "pk": 144, "fields": {"employee": 1, "status": "NOT_STARTED", "items": "[{\"content_id\": 3, \"title\": \"JS Crash Course\", \"skill\": \"JavaScript\", \"thumbnail\": \"https://img.youtube.com/vi/hdI2bqOjy3c/maxresdefault.jpg\", \"duration\": 100}, {\"content_id\": 1, \"title\": \"Django Crash Course\", \"skill\": \"Django\", \"thumbnail\": \"https://img.youtube.com/vi/rHux0gMZ3Eg/maxresdefault.jpg\", \"duration\": 60}]", "matched_skills": "[]", "missing_skills": "[\"JavaScript\", \"Django\"]", "created_at": "2026-01-09T17:39:10.351Z"}}, {"model": "learning.learningpath", "pk": 145, "fields": {"employee": 1, "status": "NOT_STARTED", "items": "[{\"content_id\": 3, \"title\": \"JS Crash Course\", \"skill\": \"JavaScript\", \"thumbnail\": \"https://img.youtube.com/vi/hdI2bqOjy3c/maxresdefault.jpg\", \"duration\": 100}, {\"content_id\": 1, \"title\": \"Django Crash Course\", \"skill\": \"Django\", \"thumbnail\": \"https://img.youtube.com/vi/rHux0gMZ3Eg/maxresdefault.jpg\", \"duration\": 60}]", "matched_skills": "[]", "missing_skills": "[\"JavaScript\", \"Django\"]", "created_at": "2026-01-09T17:39:10.388Z"}}, {"model": "learning.learningpath", "pk": 146, "fields": {"employee": 1, "status": "NOT_STARTED", "items": "[{\"content_id\": 3, \"title\": \"JS Crash Course\", \"skill\": \"JavaScript\", \"thumbnail\": \"https://img.youtube.com/vi/hdI2bqOjy3c/maxresdefault.jpg\", \"duration\": 100}, {\"content_id\": 1, \"title\": \"Django Crash Course\", \"skill\": \"Django\", \"thumbnail\": \"https://img.youtube.com/vi/rHux0gMZ3Eg/maxresdefault.jpg\", \"duration\": 60}]", "matched_skills": "[]", "missing_skills": "[\"JavaScript\", \"Django\"]", "created_at": "2026-01-09T17:39:11.236Z"}}, {"model": "learning.learningpath", "pk": 147, "fields": {"employee": 1, "status": "NOT_STARTED", "items": "[{\"content_id\": 3, \"title\": \"JS Crash Course\", \"skill\": \"JavaScript\", \"thumbnail\": \"https://img.youtube.com/vi/hdI2bqOjy3c/maxresdefault.jpg\", \"duration\": 100}, {\"content_id\": 1, \"title\": \"Django Crash Course\", \"skill\": \"Django\", \"thumbnail\": \"https://img.youtube.com/vi/rHux0gMZ3Eg/maxresdefault.jpg\", \"duration\": 60}]", "matched_skills": "[]", "missing_skills": "[\"JavaScript\", \"Django\"]", "created_at": "2026-01-09T17:39:11.273Z"}}, {"model": "learning.learningpath", "pk": 148, "fields": {"employee": 1, "status": "NOT_STARTED", "items": "[{\"content_id\": 3, \"title\": \"JS Crash Course\", \"skill\": \"JavaScript\", \"thumbnail\": \"https://img.youtube.com/vi/hdI2bqOjy3c/maxresdefault.jpg\", \"duration\": 100}, {\"content_id\": 1, \"title\": \"Django Crash Course\", \"skill\": \"Django\", \"thumbnail\": \"https://img.youtube.com/vi/rHux0gMZ3Eg/maxresdefault.jpg\", \"duration\": 60}]", "matched_skills": "[]", "missing_skills": "[\"JavaScript\", \"Django\"]", "created_at": "2026-01-09T17:39:12.334Z"}}, {"model": "learning.learningpath", "pk": 149, "fields": {"employee": 1, "status": "NOT_STARTED", "items": "[{\"content_id\": 3, \"title\": \"JS Crash Course\", \"skill\": \"JavaScript\", \"thumbnail\": \"https://img.youtube.com/vi/hdI2bqOjy3c/maxresdefault.jpg\", \"duration\": 100}, {\"content_id\": 1, \"title\": \"Django Crash Course\", \"skill\": \"Django\", \"thumbnail\": \"https://img.youtube.com/vi/rHux0gMZ3Eg/maxresdefault.jpg\", \"duration\": 60}]", "matched_skills": "[]", "missing_skills": "[\"JavaScript\", \"Django\"]", "created_at": "2026-01-09T17:39:12.383Z"}}, {"model": "learning.learningpath", "pk": 150, "fields": {"employee": 1, "status": "NOT_STARTED", "items": "[{\"content_id\": 3, \"title\": \"JS Crash Course\", \"skill\": \"JavaScript\", \"thumbnail\": \"https://img.youtube.com/vi/hdI2bqOjy3c/maxresdefault.jpg\", \"duration\": 100}, {\"content_id\": 1, \"title\": \"Django Crash Course\", \"skill\": \"Django\", \"thumbnail\": \"https://img.youtube.com/vi/rHux0gMZ3Eg/maxresdefault.jpg\", \"duration\": 60}]", "matched_skills": "[]", "missing_skills": "[\"JavaScript\", \"Django\"]", "created_at": "2026-01-09T17:39:14.711Z"}}, {"model": "learning.learningpath", "pk": 151, "fields": {"employee": 1, "status": "NOT_STARTED", "items": "[{\"content_id\": 3, \"title\": \"JS Crash Course\", \"skill\": \"JavaScript\", \"thumbnail\": \"https://img.youtube.com/vi/hdI2bqOjy3c/maxresdefault.jpg\", \"duration\": 100}, {\"content_id\": 1, \"title\": \"Django Crash Course\", \"skill\": \"Django\", \"thumbnail\": \"https://img.youtube.com/vi/rHux0gMZ3Eg/maxresdefault.jpg\", \"duration\": 60}]", "matched_skills": "[]", "missing_skills": "[\"JavaScript\", \"Django\"]", "created_at": "2026-01-09T17:39:14.744Z"}}, {"model": "learning.learningpath", "pk": 152, "fields": {"employee": 1, "status": "NOT_STARTED", "items": "[{\"content_id\": 3, \"title\": \"JS Crash Course\", \"skill\": \"JavaScript\", \"thumbnail\": \"https://img.youtube.com/vi/hdI2bqOjy3c/maxresdefault.jpg\", \"duration\": 100}, {\"content_id\": 1, \"title\": \"Django Crash Course\", \"skill\": \"Django\", \"thumbnail\": \"https://img.youtube.com/vi/rHux0gMZ3Eg/maxresdefault.jpg\", \"duration\": 60}]", "matched_skills": "[]", "missing_skills": "[\"JavaScript\", \"Django\"]", "created_at": "2026-01-09T17:39:31.351Z"}}, {"model": "learning.learningpath", "pk": 153, "fields": {"employee": 1, "status": "NOT_STARTED", "items": "[{\"content_id\": 3, \"title\": \"JS Crash Course\", \"skill\": \"JavaScript\", \"thumbnail\": \"https://img.youtube.com/vi/hdI2bqOjy3c/maxresdefault.jpg\", \"duration\": 100}, {\"content_id\": 1, \"title\": \"Django Crash Course\", \"skill\": \"Django\", \"thumbnail\": \"https://img.youtube.com/vi/rHux0gMZ3Eg/maxresdefault.jpg\", \"duration\": 60}]", "matched_skills": "[]", "missing_skills": "[\"JavaScript\", \"Django\"]", "created_at": "2026-01-09T17:39:31.390Z"}}, {"model": "learning.learningpath", "pk": 154, "fields": {"employee": 1, "status": "NOT_STARTED", "items": "[{\"content_id\": 3, \"title\": \"JS Crash Course\", \"skill\": \"JavaScript\", \"thumbnail\": \"https://img.youtube.com/vi/hdI2bqOjy3c/maxresdefault.jpg\", \"duration\": 100}, {\"content_id\": 1, \"title\": \"Django Crash Course\", \"skill\": \"Django\", \"thumbnail\": \"https://img.youtube.com/vi/rHux0gMZ3Eg/maxresdefault.jpg\", \"duration\": 60}]", "matched_skills": "[]", "missing_skills": "[\"JavaScript\", \"Django\"]", "created_at": "2026-01-09T17:40:50.127Z"}}, {"model": "learning.learningpath", "pk": 155, "fields": {"employee": 1, "status": "NOT_STARTED", "items": "[{\"content_id\": 3, \"title\": \"JS Crash Course\", \"skill\": \"JavaScript\", \"thumbnail\": \"https://img.youtube.com/vi/hdI2bqOjy3c/maxresdefault.jpg\", \"duration\": 100}, {\"content_id\": 1, \"title\": \"Django Crash Course\", \"skill\": \"Django\", \"thumbnail\": \"https://img.youtube.com/vi/rHux0gMZ3Eg/maxresdefault.jpg\", \"duration\": 60}]", "matched_skills": "[]", "missing_skills": "[\"JavaScript\", \"Django\"]", "created_at": "2026-01-09T17:40:50.162Z"}}, {"model": "learning.learningpath", "pk": 156, "fields": {"employee": 1, "status": "NOT_STARTED", "items": "[{\"content_id\": 3, \"title\": \"JS Crash Course\", \"skill\": \"JavaScript\", \"thumbnail\": \"https://img.youtube.com/vi/hdI2bqOjy3c/maxresdefault.jpg\", \"duration\": 100}, {\"content_id\": 1, \"title\": \"Django Crash Course\", \"skill\": \"Django\", \"thumbnail\": \"https://img.youtube.com/vi/rHux0gMZ3Eg/maxresdefault.jpg\", \"duration\": 60}]", "matched_skills": "[]", "missing_skills": "[\"JavaScript\", \"Django\"]", "created_at": "2026-01-09T17:40:52.402Z"}}, {"model": "learning.learningpath", "pk": 157, "fields": {"employee": 1, "status": "NOT_STARTED", "items": "[{\"content_id\": 3, \"title\": \"JS Crash Course\", \"skill\": \"JavaScript\", \"thumbnail\": \"https://img.youtube.com/vi/hdI2bqOjy3c/maxresdefault.jpg\", \"duration\": 100}, {\"content_id\": 1, \"title\": \"Django Crash Course\", \"skill\": \"Django\", \"thumbnail\": \"https://img.youtube.com/vi/rHux0gMZ3Eg/maxresdefault.jpg\", \"duration\": 60}]", "matched_skills": "[]", "missing_skills": "[\"JavaScript\", \"Django\"]", "created_at": "2026-01-09T17:40:52.432Z"}}, {"model": "learning.learningpath", "pk": 158, "fields": {"employee": 1, "status": "NOT_STARTED", "items": "[{\"content_id\": 3, \"title\": \"JS Crash Course\", \"skill\": \"JavaScript\", \"thumbnail\": \"https://img.youtube.com/vi/hdI2bqOjy3c/maxresdefault.jpg\", \"duration\": 100}, {\"content_id\": 1, \"title\": \"Django Crash Course\", \"skill\": \"Django\", \"thumbnail\": \"https://img.youtube.com/vi/rHux0gMZ3Eg/maxresdefault.jpg\", \"duration\": 60}]", "matched_skills": "[]", "missing_skills": "[\"JavaScript\", \"Django\"]", "created_at": "2026-01-09T17:41:42.537Z"}}, {"model": "learning.learningpath", "pk": 159, "fields": {"employee": 1, "status": "NOT_STARTED", "items": "[{\"content_id\": 3, \"title\": \"JS Crash Course\", \"skill\": \"JavaScript\", \"thumbnail\": \"https://img.youtube.com/vi/hdI2bqOjy3c/maxresdefault.jpg\", \"duration\": 100}, {\"content_id\": 1, \"title\": \"Django Crash Course\", \"skill\": \"Django\", \"thumbnail\": \"https://img.youtube.com/vi/rHux0gMZ3Eg/maxresdefault.jpg\", \"duration\": 60}]", "matched_skills": "[]", "missing_skills": "[\"JavaScript\", \"Django\"]", "created_at": "2026-01-09T17:41:42.567Z"}}, {"model": "learning.learningpath", "pk": 160, "fields": {"employee": 1, "status": "NOT_STARTED", "items": "[{\"content_id\": 3, \"title\": \"JS Crash Course\", \"skill\": \"JavaScript\", \"thumbnail\": \"https://img.youtube.com/vi/hdI2bqOjy3c/maxresdefault.jpg\", \"duration\": 100}, {\"content_id\": 1, \"title\": \"Django Crash Course\", \"skill\": \"Django\", \"thumbnail\": \"https://img.youtube.com/vi/rHux0gMZ3Eg/maxresdefault.jpg\", \"duration\": 60}]", "matched_skills": "[]", "missing_skills": "[\"JavaScript\", \"Django\"]", "created_at": "2026-01-09T17:41:52.640Z"}}, {"model": "learning.learningpath", "pk": 161, "fields": {"employee": 1, "status": "NOT_STARTED", "items": "[{\"content_id\": 3, \"title\": \"JS Crash Course\", \"skill\": \"JavaScript\", \"thumbnail\": \"https://img.youtube.com/vi/hdI2bqOjy3c/maxresdefault.jpg\", \"duration\": 100}, {\"content_id\": 1, \"title\": \"Django Crash Course\", \"skill\": \"Django\", \"thumbnail\": \"https://img.youtube.com/vi/rHux0gMZ3Eg/maxresdefault.jpg\", \"duration\": 60}]", "matched_skills": "[]", "missing_skills": "[\"JavaScript\", \"Django\"]", "created_at": "2026-01-09T17:41:52.665Z"}}, {"model": "learning.learningpath", "pk": 162, "fields": {"employee": 1, "status": "NOT_STARTED", "items": "[{\"content_id\": 3, \"title\": \"JS Crash Course\", \"skill\": \"JavaScript\", \"thumbnail\": \"https://img.youtube.com/vi/hdI2bqOjy3c/maxresdefault.jpg\", \"duration\": 100}, {\"content_id\": 1, \"title\": \"Django Crash Course\", \"skill\": \"Django\", \"thumbnail\": \"https://img.youtube.com/vi/rHux0gMZ3Eg/maxresdefault.jpg\", \"duration\": 60}]", "matched_skills": "[]", "missing_skills": "[\"JavaScript\", \"Django\"]", "created_at": "2026-01-09T17:41:58.286Z"}}, {"model": "learning.learningpath", "pk": 163, "fields": {"employee": 1, "status": "NOT_STARTED", "items": "[{\"content_id\": 3, \"title\": \"JS Crash Course\", \"skill\": \"JavaScript\", \"thumbnail\": \"https://img.youtube.com/vi/hdI2bqOjy3c/maxresdefault.jpg\", \"duration\": 100}, {\"content_id\": 1, \"title\": \"Django Crash Course\", \"skill\": \"Django\", \"thumbnail\": \"https://img.youtube.com/vi/rHux0gMZ3Eg/maxresdefault.jpg\", \"duration\": 60}]", "matched_skills": "[]", "missing_skills": "[\"JavaScript\", \"Django\"]", "created_at": "2026-01-09T17:41:58.322Z"}}, {"model": "learning.learningpath", "pk": 164, "fields": {"employee": 1, "status": "NOT_STARTED", "items": "[{\"content_id\": 3, \"title\": \"JS Crash Course\", \"skill\": \"JavaScript\", \"thumbnail\": \"https://img.youtube.com/vi/hdI2bqOjy3c/maxresdefault.jpg\", \"duration\": 100}, {\"content_id\": 1, \"title\": \"Django Crash Course\", \"skill\": \"Django\", \"thumbnail\": \"https://img.youtube.com/vi/rHux0gMZ3Eg/maxresdefault.jpg\", \"duration\": 60}]", "matched_skills": "[]", "missing_skills": "[\"JavaScript\", \"Django\"]", "created_at": "2026-01-09T17:41:59.723Z"}}, {"model": "learning.learningpath", "pk": 165, "fields": {"employee": 1, "status": "NOT_STARTED", "items": "[{\"content_id\": 3, \"title\": \"JS Crash Course\", \"skill\": \"JavaScript\", \"thumbnail\": \"https://img.youtube.com/vi/hdI2bqOjy3c/maxresdefault.jpg\", \"duration\": 100}, {\"content_id\": 1, \"title\": \"Django Crash Course\", \"skill\": \"Django\", \"thumbnail\": \"https://img.youtube.com/vi/rHux0gMZ3Eg/maxresdefault.jpg\", \"duration\": 60}]", "matched_skills": "[]", "missing_skills": "[\"JavaScript\", \"Django\"]", "created_at": "2026-01-09T17:41:59.769Z"}}, {"model": "learning.learningpath", "pk": 166, "fields": {"employee": 1, "status": "NOT_STARTED", "items": "[{\"content_id\": 3, \"title\": \"JS Crash Course\", \"skill\": \"JavaScript\", \"thumbnail\": \"https://img.youtube.com/vi/hdI2bqOjy3c/maxresdefault.jpg\", \"duration\": 100}, {\"content_id\": 1, \"title\": \"Django Crash Course\", \"skill\": \"Django\", \"thumbnail\": \"https://img.youtube.com/vi/rHux0gMZ3Eg/maxresdefault.jpg\", \"duration\": 60}]", "matched_skills": "[]", "missing_skills": "[\"JavaScript\", \"Django\"]", "created_at": "2026-01-09T17:44:39.903Z"}}, {"model": "learning.learningpath", "pk": 167, "fields": {"employee": 1, "status": "NOT_STARTED", "items": "[{\"content_id\": 3, \"title\": \"JS Crash Course\", \"skill\": \"JavaScript\", \"thumbnail\": \"https://img.youtube.com/vi/hdI2bqOjy3c/maxresdefault.jpg\", \"duration\": 100}, {\"content_id\": 1, \"title\": \"Django Crash Course\", \"skill\": \"Django\", \"thumbnail\": \"https://img.youtube.com/vi/rHux0gMZ3Eg/maxresdefault.jpg\", \"duration\": 60}]", "matched_skills": "[]", "missing_skills": "[\"JavaScript\", \"Django\"]", "created_at": "2026-01-09T17:44:39.939Z"}}, {"model": "learning.learningpath", "pk": 168, "fields": {"employee": 1, "status": "NOT_STARTED", "items": "[{\"content_id\": 3, \"title\": \"JS Crash Course\", \"skill\": \"JavaScript\", \"thumbnail\": \"https://img.youtube.com/vi/hdI2bqOjy3c/maxresdefault.jpg\", \"duration\": 100}, {\"content_id\": 1, \"title\": \"Django Crash Course\", \"skill\": \"Django\", \"thumbnail\": \"https://img.youtube.com/vi/rHux0gMZ3Eg/maxresdefault.jpg\", \"duration\": 60}]", "matched_skills": "[]", "missing_skills": "[\"JavaScript\", \"Django\"]", "created_at": "2026-01-09T17:44:41.648Z"}}, {"model": "learning.learningpath", "pk": 169, "fields": {"employee": 1, "status": "NOT_STARTED", "items": "[{\"content_id\": 3, \"title\": \"JS Crash Course\", \"skill\": \"JavaScript\", \"thumbnail\": \"https://img.youtube.com/vi/hdI2bqOjy3c/maxresdefault.jpg\", \"duration\": 100}, {\"content_id\": 1, \"title\": \"Django Crash Course\", \"skill\": \"Django\", \"thumbnail\": \"https://img.youtube.com/vi/rHux0gMZ3Eg/maxresdefault.jpg\", \"duration\": 60}]", "matched_skills": "[]", "missing_skills": "[\"JavaScript\", \"Django\"]", "created_at": "2026-01-09T17:45:19.537Z"}}, {"model": "learning.learningpath", "pk": 170, "fields": {"employee": 1, "status": "NOT_STARTED", "items": "[{\"content_id\": 3, \"title\": \"JS Crash Course\", \"skill\": \"JavaScript\", \"thumbnail\": \"https://img.youtube.com/vi/hdI2bqOjy3c/maxresdefault.jpg\", \"duration\": 100}, {\"content_id\": 1, \"title\": \"Django Crash Course\", \"skill\": \"Django\", \"thumbnail\": \"https://img.youtube.com/vi/rHux0gMZ3Eg/maxresdefault.jpg\", \"duration\": 60}]", "matched_skills": "[]", "missing_skills": "[\"JavaScript\", \"Django\"]", "created_at": "2026-01-09T17:45:19.571Z"}}, {"model": "learning.learningpath", "pk": 171, "fields": {"employee": 1, "status": "NOT_STARTED", "items": "[{\"content_id\": 3, \"title\": \"JS Crash Course\", \"skill\": \"JavaScript\", \"thumbnail\": \"https://img.youtube.com/vi/hdI2bqOjy3c/maxresdefault.jpg\", \"duration\": 100}, {\"content_id\": 1, \"title\": \"Django Crash Course\", \"skill\": \"Django\", \"thumbnail\": \"https://img.youtube.com/vi/rHux0gMZ3Eg/maxresdefault.jpg\", \"duration\": 60}]", "matched_skills": "[]", "missing_skills": "[\"JavaScript\", \"Django\"]", "created_at": "2026-01-09T17:45:20.755Z"}}, {"model": "learning.learningpath", "pk": 172, "fields": {"employee": 1, "status": "NOT_STARTED", "items": "[{\"content_id\": 3, \"title\": \"JS Crash Course\", \"skill\": \"JavaScript\", \"thumbnail\": \"https://img.youtube.com/vi/hdI2bqOjy3c/maxresdefault.jpg\", \"duration\": 100}, {\"content_id\": 1, \"title\": \"Django Crash Course\", \"skill\": \"Django\", \"thumbnail\": \"https://img.youtube.com/vi/rHux0gMZ3Eg/maxresdefault.jpg\", \"duration\": 60}]", "matched_skills": "[]", "missing_skills": "[\"JavaScript\", \"Django\"]", "created_at": "2026-01-09T17:46:04.827Z"}}, {"model": "learning.learningpath", "pk": 173, "fields": {"employee": 1, "status": "NOT_STARTED", "items": "[{\"content_id\": 3, \"title\": \"JS Crash Course\", \"skill\": \"JavaScript\", \"thumbnail\": \"https://img.youtube.com/vi/hdI2bqOjy3c/maxresdefault.jpg\", \"duration\": 100}, {\"content_id\": 1, \"title\": \"Django Crash Course\", \"skill\": \"Django\", \"thumbnail\": \"https://img.youtube.com/vi/rHux0gMZ3Eg/maxresdefault.jpg\", \"duration\": 60}]", "matched_skills": "[]", "missing_skills": "[\"JavaScript\", \"Django\"]", "created_at": "2026-01-09T17:46:04.866Z"}}, {"model": "learning.learningpath", "pk": 174, "fields": {"employee": 1, "status": "NOT_STARTED", "items": "[{\"content_id\": 3, \"title\": \"JS Crash Course\", \"skill\": \"JavaScript\", \"thumbnail\": \"https://img.youtube.com/vi/hdI2bqOjy3c/maxresdefault.jpg\", \"duration\": 100}, {\"content_id\": 1, \"title\": \"Django Crash Course\", \"skill\": \"Django\", \"thumbnail\": \"https://img.youtube.com/vi/rHux0gMZ3Eg/maxresdefault.jpg\", \"duration\": 60}]", "matched_skills": "[]", "missing_skills": "[\"JavaScript\", \"Django\"]", "created_at": "2026-01-09T17:46:06.744Z"}}, {"model": "learning.learningpath", "pk": 175, "fields": {"employee": 1, "status": "NOT_STARTED", "items": "[{\"content_id\": 3, \"title\": \"JS Crash Course\", \"skill\": \"JavaScript\", \"thumbnail\": \"https://img.youtube.com/vi/hdI2bqOjy3c/maxresdefault.jpg\", \"duration\": 100}, {\"content_id\": 1, \"title\": \"Django Crash Course\", \"skill\": \"Django\", \"thumbnail\": \"https://img.youtube.com/vi/rHux0gMZ3Eg/maxresdefault.jpg\", \"duration\": 60}]", "matched_skills": "[]", "missing_skills": "[\"JavaScript\", \"Django\"]", "created_at": "2026-01-09T17:49:26.333Z"}}, {"model": "learning.learningpath", "pk": 176, "fields": {"employee": 1, "status": "NOT_STARTED", "items": "[{\"content_id\": 3, \"title\": \"JS Crash Course\", \"skill\": \"JavaScript\", \"thumbnail\": \"https://img.youtube.com/vi/hdI2bqOjy3c/maxresdefault.jpg\", \"duration\": 100}, {\"content_id\": 1, \"title\": \"Django Crash Course\", \"skill\": \"Django\", \"thumbnail\": \"https://img.youtube.com/vi/rHux0gMZ3Eg/maxresdefault.jpg\", \"duration\": 60}]", "matched_skills": "[]", "missing_skills": "[\"JavaScript\", \"Django\"]", "created_at": "2026-01-09T17:49:26.368Z"}}, {"model": "learning.learningpath", "pk": 177, "fields": {"employee": 1, "status": "NOT_STARTED", "items": "[{\"content_id\": 3, \"title\": \"JS Crash Course\", \"skill\": \"JavaScript\", \"thumbnail\": \"https://img.youtube.com/vi/hdI2bqOjy3c/maxresdefault.jpg\", \"duration\": 100}, {\"content_id\": 1, \"title\": \"Django Crash Course\", \"skill\": \"Django\", \"thumbnail\": \"https://img.youtube.com/vi/rHux0gMZ3Eg/maxresdefault.jpg\", \"duration\": 60}]", "matched_skills": "[]", "missing_skills": "[\"JavaScript\", \"Django\"]", "created_at": "2026-01-09T17:49:33.455Z"}}, {"model": "learning.learningpath", "pk": 178, "fields": {"employee": 2, "status": "NOT_STARTED", "items": "[{\"content_id\": 2, \"title\": \"React Basic to Advanced\", \"skill\": \"React\", \"thumbnail\": \"https://img.youtube.com/vi/G6D9cBaLViA/maxresdefault.jpg\", \"duration\": 65}]", "matched_skills": "[\"Bootstrap\"]", "missing_skills": "[\"React\", \"Angular\"]", "created_at": "2026-01-15T12:25:51.507Z"}}, {"model": "learning.learningpath", "pk": 179, "fields": {"employee": 1, "status": "NOT_STARTED", "items": "[{\"content_id\": 3, \"title\": \"JS Crash Course\", \"skill\": \"JavaScript\", \"thumbnail\": \"https://img.youtube.com/vi/hdI2bqOjy3c/maxresdefault.jpg\", \"duration\": 100}]", "matched_skills": "[\"React\", \"Django\", \"SQL\"]", "missing_skills": "[\"JavaScript\", \"REST APIs\"]", "created_at": "2026-01-15T12:32:47.943Z"}}, {"model": "learning.learningpath", "pk": 180, "fields": {"employee": 3, "status": "NOT_STARTED", "items": "[]", "matched_skills": "[\"Azure\", \"CI/CD\"]", "missing_skills": "[\"Kubernetes\"]", "created_at": "2026-01-16T12:18:58.135Z"}}, {"model": "learning.learningpath", "pk": 181, "fields": {"employee": 3, "status": "NOT_STARTED", "items": "[{\"content_id\": 5, \"title\": \"Mastering Azure\", \"skill\": \"Azure\", \"thumbnail\": \"https://img.youtube.com/vi/htZbqYieRkA/maxresdefault.jpg\", \"duration\": 200}, {\"content_id\": 7, \"title\": \"Kubernets Tutorial\", \"skill\": \"Kubernetes\", \"thumbnail\": \"https://img.youtube.com/vi/KVBON1lA9N8/maxresdefault.jpg\", \"duration\": 100}]", "matched_skills": "[\"CI/CD\"]", "missing_skills": "[\"Azure\", \"Kubernetes\"]", "created_at": "2026-01-16T12:46:21.358Z"}}, {"model": "learning.learningpath", "pk": 182, "fields": {"employee": 4, "status": "NOT_STARTED", "items": "[{\"content_id\": 1, \"title\": \"Django Crash Course\", \"skill\": \"Django\", \"content_url\": \"https://www.youtube.com/watch?v=rHux0gMZ3Eg\", \"thumbnail\": \"https://img.youtube.com/vi/rHux0gMZ3Eg/maxresdefault.jpg\", \"duration\": 60}]", "matched_skills": "[]", "missing_skills": "[\"Django\", \"Flask\", \"GenAI\"]", "created_at": "2026-01-30T13:26:32.708Z"}}, {"model": "learning.learningpath", "pk": 187, "fields": {"employee": 5, "status": "NOT_STARTED", "items": "[{\"content_id\": 3, \"title\": \"JS Crash Course\", \"skill\": \"Javascript\", \"content_url\": \"https://www.youtube.com/watch?v=hdI2bqOjy3c\", \"thumbnail\": \"https://img.youtube.com/vi/hdI2bqOjy3c/maxresdefault.jpg\", \"duration\": 100, \"status\": \"NOT_STARTED\"}]", "matched_skills": "[]", "missing_skills": "[\"Python\", \"Javascript\", \"PostgreSQL\"]", "created_at": "2026-02-06T04:31:03.085Z"}}, {"model": "learning.learningpath", "pk": 188, "fields": {"employee": 7, "status": "NOT_STARTED", "items": "[{\"content_id\": 1, \"title\": \"Django Crash Course\", \"skill\": \"Django\", \"content_url\": \"https://www.youtube.com/watch?v=rHux0gMZ3Eg\", \"thumbnail\": \"https://img.youtube.com/vi/rHux0gMZ3Eg/maxresdefault.jpg\", \"duration\": 60, \"status\": \"NOT_STARTED\"}, {\"content_id\": 8, \"title\": \"Flask Tutorial\", \"skill\": \"Flask\", \"content_url\": \"https://youtu.be/2YOBmELm_v0?si=eop72oH4OLb63JRh\", \"thumbnail\": \"https://img.youtube.com/vi/2YOBmELm_v0/maxresdefault.jpg\", \"duration\": 240, \"status\": \"NOT_STARTED\"}, {\"content_id\": 9, \"title\": \"GenAI Basic to Advanced\", \"skill\": \"GenAI\", \"content_url\": \"https://youtu.be/d4yCWBGFCEs?si=fMtPkhNnI-TFt1g_\", \"thumbnail\": \"https://img.youtube.com/vi/d4yCWBGFCEs/maxresdefault.jpg\", \"duration\": 190, \"status\": \"NOT_STARTED\"}, {\"content_id\": 5, \"title\": \"Mastering Azure\", \"skill\": \"Azure\", \"content_url\": \"https://youtu.be/htZbqYieRkA?si=Ox7uB_WRUyoGA7YG\", \"thumbnail\": \"https://img.youtube.com/vi/htZbqYieRkA/maxresdefault.jpg\", \"duration\": 200, \"status\": \"NOT_STARTED\"}]", "matched_skills": "[]", "missing_skills": "[\"Django\", \"Flask\", \"GenAI\", \"Azure\"]", "created_at": "2026-02-08T13:25:14.771Z"}}, {"model": "learning.learningpath", "pk": 190, "fields": {"employee": 8, "status": "NOT_STARTED", "items": "[{\"content_id\": 5, \"title\": \"Mastering Azure\", \"skill\": \"Azure\", \"content_url\": \"https://youtu.be/htZbqYieRkA?si=Ox7uB_WRUyoGA7YG\", \"thumbnail\": \"https://img.youtube.com/vi/htZbqYieRkA/maxresdefault.jpg\", \"duration\": 200, \"status\": \"DONE\"}, {\"content_id\": 6, \"title\": \"CI/CD basic to advanced\", \"skill\": \"CI/CD\", \"content_url\": \"https://youtu.be/AknbizcLq4w?si=uR5fz7XvRYXpmyZ1\", \"thumbnail\": \"https://img.youtube.com/vi/AknbizcLq4w/maxresdefault.jpg\", \"duration\": 22, \"status\": \"NOT_STARTED\"}, {\"content_id\": 7, \"title\": \"Kubernets Tutorial\", \"skill\": \"Kubernetes\", \"content_url\": \"https://youtu.be/KVBON1lA9N8?si=1bKUHrctItKr9Fdd\", \"thumbnail\": \"https://img.youtube.com/vi/KVBON1lA9N8/maxresdefault.jpg\", \"duration\": 100, \"status\": \"NOT_STARTED\"}, {\"content_id\": 10, \"title\": \"PowerApps Basic to Advanced\", \"skill\": \"PowerApps\", \"content_url\": \"https://youtu.be/lwWHmsRPv6c?si=_OpyQfnr1d_6XLlK\", \"thumbnail\": \"https://img.youtube.com/vi/lwWHmsRPv6c/maxresdefault.jpg\", \"duration\": 20, \"status\": \"NOT_STARTED\"}]", "matched_skills": "[]", "missing_skills": "[\"Azure\", \"CI/CD\", \"Kubernetes\", \"PowerApps\"]", "created_at": "2026-02-12T10:15:15.622Z"}}, {"model": "learning.skill", "pk": 1, "fields": {"name": "React", "category": "CORE"}}, {"model": "learning.skill", "pk": 2, "fields": {"name": "JavaScript", "category": "CORE"}}, {"model": "learning.skill", "pk": 3, "fields": {"name": "Django", "category": "CORE"}}, {"model": "learning.skill", "pk": 4, "fields": {"name": "REST APIs", "category": "CORE"}}, {"model": "learning.skill", "pk": 5, "fields": {"name": "SQL", "category": "CORE"}}, {"model": "learning.skill", "pk": 6, "fields": {"name": "Angular", "category": "CORE"}}, {"model": "learning.skill", "pk": 7, "fields": {"name": "Bootstrap", "category": "CORE"}}, {"model": "learning.skill", "pk": 8, "fields": {"name": "Redux", "category": "CORE"}}, {"model": "learning.skill", "pk": 9, "fields": {"name": "Typescript", "category": "CORE"}}, {"model": "learning.skill", "pk": 10, "fields": {"name": "HTML", "category": "CORE"}}, {"model": "learning.skill", "pk": 11, "fields": {"name": "css", "category": "CORE"}}, {"model": "learning.skill", "pk": 12, "fields": {"name": "Azure", "category": "CORE"}}, {"model": "learning.skill", "pk": 13, "fields": {"name": "CI/CD", "category": "CORE"}}, {"model": "learning.skill", "pk": 14, "fields": {"name": "Kubernetes", "category": "CORE"}}, {"model": "learning.skill", "pk": 15, "fields": {"name": "Flask", "category": "CORE"}}, {"model": "learning.skill", "pk": 16, "fields": {"name": "GenAI", "category": "CORE"}}, {"model": "learning.skill", "pk": 17, "fields": {"name": "Python", "category": "CORE"}}, {"model": "learning.skill", "pk": 18, "fields": {"name": "Javascript", "category": "CORE"}}, {"model": "learning.skill", "pk": 19, "fields": {"name": "PostgreSQL", "category": "CORE"}}, {"model": "learning.skill", "pk": 20, "fields": {"name": "PowerApps", "category": "CORE"}}, {"model": "learning.learningcontent", "pk": 1, "fields": {"title": "Django Crash Course", "skill": 3, "content_type": "VIDEO", "thumbnail_url": "https://img.youtube.com/vi/rHux0gMZ3Eg/maxresdefault.jpg", "content_url": "https://www.youtube.com/watch?v=rHux0gMZ3Eg", "duration_minutes": 60, "difficulty": "Medium", "source": "Youtube"}}, {"model": "learning.learningcontent", "pk": 2, "fields": {"title": "React Basic to Advanced", "skill": 1, "content_type": "VIDEO", "thumbnail_url": "https://img.youtube.com/vi/G6D9cBaLViA/maxresdefault.jpg", "content_url": "https://www.youtube.com/watch?v=G6D9cBaLViA", "duration_minutes": 65, "difficulty": "Medium", "source": "Youtube"}}, {"model": "learning.learningcontent", "pk": 3, "fields": {"title": "JS Crash Course", "skill": 2, "content_type": "VIDEO", "thumbnail_url": "https://img.youtube.com/vi/hdI2bqOjy3c/maxresdefault.jpg", "content_url": "https://www.youtube.com/watch?v=hdI2bqOjy3c", "duration_minutes": 100, "difficulty": "Medium", "source": "Youtube"}}, {"model": "learning.learningcontent", "pk": 4, "fields": {"title": "SQL Topics", "skill": 5, "content_type": "ARTICLE", "thumbnail_url": "https://img.youtube.com/vi/nWeW3sCmD2k/maxresdefault.jpg", "content_url": "https://www.youtube.com/watch?v=nWeW3sCmD2k", "duration_minutes": 60, "difficulty": "Medium", "source": "Youtube"}}, {"model": "learning.learningcontent", "pk": 5, "fields": {"title": "Mastering Azure", "skill": 12, "content_type": "VIDEO", "thumbnail_url": "https://img.youtube.com/vi/htZbqYieRkA/maxresdefault.jpg", "content_url": "https://youtu.be/htZbqYieRkA?si=Ox7uB_WRUyoGA7YG", "duration_minutes": 200, "difficulty": "Medium", "source": "Youtube"}}, {"model": "learning.learningcontent", "pk": 6, "fields": {"title": "CI/CD basic to advanced", "skill": 13, "content_type": "VIDEO", "thumbnail_url": "https://img.youtube.com/vi/AknbizcLq4w/maxresdefault.jpg", "content_url": "https://youtu.be/AknbizcLq4w?si=uR5fz7XvRYXpmyZ1", "duration_minutes": 22, "difficulty": "Medium-Hard", "source": "Youtube"}}, {"model": "learning.learningcontent", "pk": 7, "fields": {"title": "Kubernets Tutorial", "skill": 14, "content_type": "VIDEO", "thumbnail_url": "https://img.youtube.com/vi/KVBON1lA9N8/maxresdefault.jpg", "content_url": "https://youtu.be/KVBON1lA9N8?si=1bKUHrctItKr9Fdd", "duration_minutes": 100, "difficulty": "Medium-Hard", "source": "Youtube"}}, {"model": "learning.learningcontent", "pk": 8, "fields": {"title": "Flask Tutorial", "skill": 15, "content_type": "VIDEO", "thumbnail_url": "https://img.youtube.com/vi/2YOBmELm_v0/maxresdefault.jpg", "content_url": "https://youtu.be/2YOBmELm_v0?si=eop72oH4OLb63JRh", "duration_minutes": 240, "difficulty": "Medium-Hard", "source": "Youtube"}}, {"model": "learning.learningcontent", "pk": 9, "fields": {"title": "GenAI Basic to Advanced", "skill": 16, "content_type": "VIDEO", "thumbnail_url": "https://img.youtube.com/vi/d4yCWBGFCEs/maxresdefault.jpg", "content_url": "https://youtu.be/d4yCWBGFCEs?si=fMtPkhNnI-TFt1g_", "duration_minutes": 190, "difficulty": "Medium-Hard", "source": "Youtube"}}, {"model": "learning.learningcontent", "pk": 10, "fields": {"title": "PowerApps Basic to Advanced", "skill": 20, "content_type": "VIDEO", "thumbnail_url": "https://img.youtube.com/vi/lwWHmsRPv6c/maxresdefault.jpg", "content_url": "https://youtu.be/lwWHmsRPv6c?si=_OpyQfnr1d_6XLlK", "duration_minutes": 20, "difficulty": "Medium", "source": "Youtube"}}, {"model": "learning.learningprogress", "pk": 1, "fields": {"employee": 1, "content": 3, "status": "DONE", "updated_at": "2026-01-29T09:34:22.128Z"}}, {"model": "learning.learningprogress", "pk": 2, "fields": {"employee": 1, "content": 1, "status": "DONE", "updated_at": "2026-01-29T09:21:47.852Z"}}, {"model": "learning.learningprogress", "pk": 3, "fields": {"employee": 2, "content": 2, "status": "DONE", "updated_at": "2026-01-17T13:11:43.182Z"}}, {"model": "learning.learningprogress", "pk": 4, "fields": {"employee": 3, "content": 5, "status": "DONE", "updated_at": "2026-01-17T13:12:03.711Z"}}, {"model": "learning.learningprogress", "pk": 5, "fields": {"employee": 3, "content": 7, "status": "DONE", "updated_at": "2026-01-18T04:54:38.475Z"}}, {"model": "learning.learningprogress", "pk": 6, "fields": {"employee": 4, "content": 1, "status": "IN_PROGRESS", "updated_at": "2026-02-03T13:15:47.221Z"}}, {"model": "learning.learningprogress", "pk": 7, "fields": {"employee": 4, "content": 8, "status": "DONE", "updated_at": "2026-02-03T13:17:07.002Z"}}, {"model": "learning.learningprogress", "pk": 8, "fields": {"employee": 5, "content": 3, "status": "IN_PROGRESS", "updated_at": "2026-02-06T13:22:52.215Z"}}, {"model": "learning.learningprogress", "pk": 9, "fields": {"employee": 7, "content": 1, "status": "IN_PROGRESS", "updated_at": "2026-02-08T13:25:33.560Z"}}, {"model": "learning.learningprogress", "pk": 10, "fields": {"employee": 7, "content": 8, "status": "DONE", "updated_at": "2026-02-08T13:26:02.812Z"}}, {"model": "learning.learningprogress", "pk": 11, "fields": {"employee": 7, "content": 9, "status": "DONE", "updated_at": "2026-02-08T13:25:58.568Z"}}, {"model": "learning.learningprogress", "pk": 12, "fields": {"employee": 7, "content": 5, "status": "NOT_STARTED", "updated_at": "2026-02-08T13:25:14.756Z"}}, {"model": "learning.learningprogress", "pk": 13, "fields": {"employee": 8, "content": 5, "status": "DONE", "updated_at": "2026-02-12T10:10:32.232Z"}}, {"model": "learning.learningprogress", "pk": 14, "fields": {"employee": 8, "content": 6, "status": "NOT_STARTED", "updated_at": "2026-02-12T10:10:00.987Z"}}, {"model": "learning.learningprogress", "pk": 15, "fields": {"employee": 8, "content": 7, "status": "NOT_STARTED", "updated_at": "2026-02-12T10:10:01.009Z"}}, {"model": "learning.learningprogress", "pk": 16, "fields": {"employee": 8, "content": 10, "status": "NOT_STARTED", "updated_at": "2026-02-12T10:15:15.596Z"}}, {"model": "learning.assessmentsession", "pk": 16, "fields": {"employee": 2, "status": "COMPLETED", "started_at": "2026-01-15T12:20:54.381Z", "completed_at": "2026-01-15T12:25:45.101Z"}}, {"model": "learning.assessmentsession", "pk": 17, "fields": {"employee": 2, "status": "STARTED", "started_at": "2026-01-15T12:20:54.386Z", "completed_at": null}}, {"model": "learning.assessmentsession", "pk": 18, "fields": {"employee": 1, "status": "COMPLETED", "started_at": "2026-01-15T12:21:14.382Z", "completed_at": "2026-01-15T12:32:36.772Z"}}, {"model": "learning.assessmentsession", "pk": 19, "fields": {"employee": 1, "status": "STARTED", "started_at": "2026-01-15T12:21:14.382Z", "completed_at": null}}, {"model": "learning.assessmentsession", "pk": 22, "fields": {"employee": 3, "status": "COMPLETED", "started_at": "2026-01-16T12:45:10.932Z", "completed_at": "2026-01-16T12:46:16.831Z"}}, {"model": "learning.assessmentsession", "pk": 23, "fields": {"employee": 3, "status": "STARTED", "started_at": "2026-01-16T12:45:10.942Z", "completed_at": null}}, {"model": "learning.assessmentsession", "pk": 24, "fields": {"employee": 4, "status": "COMPLETED", "started_at": "2026-01-29T09:52:19.098Z", "completed_at": "2026-01-29T10:01:08.072Z"}}, {"model": "learning.assessmentsession", "pk": 25, "fields": {"employee": 4, "status": "STARTED", "started_at": "2026-01-29T09:52:19.098Z", "completed_at": null}}, {"model": "learning.assessmentsession", "pk": 26, "fields": {"employee": 5, "status": "COMPLETED", "started_at": "2026-02-05T13:45:25.853Z", "completed_at": "2026-02-05T13:49:00.911Z"}}, {"model": "learning.assessmentsession", "pk": 27, "fields": {"employee": 5, "status": "STARTED", "started_at": "2026-02-06T13:22:59.338Z", "completed_at": null}}, {"model": "learning.assessmentsession", "pk": 28, "fields": {"employee": 7, "status": "COMPLETED", "started_at": "2026-02-08T13:24:06.697Z", "completed_at": "2026-02-08T13:25:08.148Z"}}, {"model": "learning.assessmentsession", "pk": 29, "fields": {"employee": 8, "status": "COMPLETED", "started_at": "2026-02-12T10:08:15.400Z", "completed_at": "2026-02-12T10:09:26.591Z"}}, {"model": "learning.assessmentquestion", "pk": 126, "fields": {"session": 16, "skill": 1, "question_text": "Which of the following best describes React?", "options": {"A": "A JavaScript framework for backend development.", "B": "A JavaScript library for building user interfaces.", "C": "A database management system.", "D": "A styling language for web pages."}, "correct_option": "B", "difficulty": "Medium"}}, {"model": "learning.assessmentquestion", "pk": 127, "fields": {"session": 16, "skill": 1, "question_text": "What is the primary purpose of 'state' in a React component?", "options": {"A": "To store static data that never changes.", "B": "To manage data that can change over time and affect the component's rendering.", "C": "To define global application settings.", "D": "To handle external API requests."}, "correct_option": "B", "difficulty": "Medium"}}, {"model": "learning.assessmentquestion", "pk": 128, "fields": {"session": 16, "skill": 1, "question_text": "Which hook is used to add state to a functional React component?", "options": {"A": "useReducer", "B": "useEffect", "C": "useState", "D": "useContext"}, "correct_option": "C", "difficulty": "Medium"}}, {"model": "learning.assessmentquestion", "pk": 129, "fields": {"session": 16, "skill": 1, "question_text": "What is JSX in React?", "options": {"A": "A new programming language for web development.", "B": "A JavaScript XML syntax extension that allows writing HTML-like code in JavaScript files.", "C": "A templating engine used for server-side rendering.", "D": "A CSS preprocessor."}, "correct_option": "B", "difficulty": "Medium"}}, {"model": "learning.assessmentquestion", "pk": 130, "fields": {"session": 16, "skill": 1, "question_text": "Which method is commonly used for handling side effects (like data fetching, subscriptions, or manually changing the DOM) in functional components?", "options": {"A": "useState()", "B": "useEffect()", "C": "useContext()", "D": "useRef()"}, "correct_option": "B", "difficulty": "Medium"}}, {"model": "learning.assessmentquestion", "pk": 131, "fields": {"session": 16, "skill": 1, "question_text": "What is React primarily used for?", "options": {"A": "Building server-side APIs", "B": "Creating interactive user interfaces (UIs)", "C": "Managing databases", "D": "Performing complex mathematical computations"}, "correct_option": "B", "difficulty": "Medium"}}, {"model": "learning.assessmentquestion", "pk": 132, "fields": {"session": 16, "skill": 1, "question_text": "What is the primary purpose of JSX in React?", "options": {"A": "To define server-side logic", "B": "To allow writing HTML-like code directly within JavaScript", "C": "To manage application state globally", "D": "To style React components using CSS-in-JS"}, "correct_option": "B", "difficulty": "Medium"}}, {"model": "learning.assessmentquestion", "pk": 133, "fields": {"session": 16, "skill": 1, "question_text": "How do you pass data from a parent component to a child component in React?", "options": {"A": "Using global variables", "B": "Through props", "C": "By directly accessing the child's state", "D": "Using Redux only"}, "correct_option": "B", "difficulty": "Medium"}}, {"model": "learning.assessmentquestion", "pk": 134, "fields": {"session": 16, "skill": 1, "question_text": "Which React Hook is used to add state to functional components?", "options": {"A": "useEffect", "B": "useContext", "C": "useState", "D": "useReducer"}, "correct_option": "C", "difficulty": "Medium"}}, {"model": "learning.assessmentquestion", "pk": 135, "fields": {"session": 16, "skill": 1, "question_text": "What is the Virtual DOM in React primarily used for?", "options": {"A": "To directly manipulate the browser's DOM", "B": "To create a lightweight copy of the actual DOM for efficient updates", "C": "To store application data on the client-side", "D": "To handle server-side rendering exclusively"}, "correct_option": "B", "difficulty": "Medium"}}, {"model": "learning.assessmentquestion", "pk": 136, "fields": {"session": 16, "skill": 6, "question_text": "Which decorator is used to define a class as an Angular component?", "options": {"A": "@NgModule", "B": "@Injectable", "C": "@Component", "D": "@Directive"}, "correct_option": "C", "difficulty": "Medium"}}, {"model": "learning.assessmentquestion", "pk": 137, "fields": {"session": 16, "skill": 6, "question_text": "What syntax is used for one-way data binding (interpolation) from the component to the view in Angular?", "options": {"A": "[property]", "B": "(event)", "C": "{{ expression }}", "D": "*ngIf"}, "correct_option": "C", "difficulty": "Medium"}}, {"model": "learning.assessmentquestion", "pk": 138, "fields": {"session": 16, "skill": 6, "question_text": "Which of the following lifecycle hooks is called once, after Angular has initialized all data-bound properties of a directive or component?", "options": {"A": "ngOnChanges", "B": "ngOnInit", "C": "ngDoCheck", "D": "ngAfterViewInit"}, "correct_option": "B", "difficulty": "Medium"}}, {"model": "learning.assessmentquestion", "pk": 139, "fields": {"session": 16, "skill": 6, "question_text": "How do you make a service available for dependency injection across the entire Angular application (singleton service)?", "options": {"A": "Add it to the `providers` array of a specific component.", "B": "Add it to the `providers` array of any `@NgModule`.", "C": "Set `providedIn: 'root'` in the `@Injectable()` decorator of the service.", "D": "Import it directly into all components that need it."}, "correct_option": "C", "difficulty": "Medium"}}, {"model": "learning.assessmentquestion", "pk": 140, "fields": {"session": 16, "skill": 6, "question_text": "Which Angular module is essential for implementing client-side routing and navigation between different views/components?", "options": {"A": "BrowserModule", "B": "HttpClientModule", "C": "FormsModule", "D": "RouterModule"}, "correct_option": "D", "difficulty": "Medium"}}, {"model": "learning.assessmentquestion", "pk": 141, "fields": {"session": 16, "skill": 6, "question_text": "What is the primary building block of an Angular application's UI?", "options": {"A": "Module", "B": "Service", "C": "Component", "D": "Pipe"}, "correct_option": "C", "difficulty": "Medium"}}, {"model": "learning.assessmentquestion", "pk": 142, "fields": {"session": 16, "skill": 6, "question_text": "Which decorator is used to define a class as an Angular service and make it available for dependency injection?", "options": {"A": "@Component()", "B": "@Module()", "C": "@Injectable()", "D": "@Pipe()"}, "correct_option": "C", "difficulty": "Medium"}}, {"model": "learning.assessmentquestion", "pk": 143, "fields": {"session": 16, "skill": 6, "question_text": "Which Angular lifecycle hook is called only once after the component's data-bound properties are initialized?", "options": {"A": "ngOnChanges", "B": "ngOnInit", "C": "ngDoCheck", "D": "ngAfterViewInit"}, "correct_option": "B", "difficulty": "Medium"}}, {"model": "learning.assessmentquestion", "pk": 144, "fields": {"session": 16, "skill": 6, "question_text": "What syntax is used for one-way property binding from a component property to a DOM element property in Angular?", "options": {"A": "{{ propertyName }}", "B": "(eventName)='handler()'", "C": "[propertyName]='expression'", "D": "#templateVar"}, "correct_option": "C", "difficulty": "Medium"}}, {"model": "learning.assessmentquestion", "pk": 145, "fields": {"session": 16, "skill": 6, "question_text": "In Angular, which module provides the functionality for routing and navigation between different views?", "options": {"A": "HttpClientModule", "B": "FormsModule", "C": "BrowserModule", "D": "RouterModule"}, "correct_option": "D", "difficulty": "Medium"}}, {"model": "learning.assessmentquestion", "pk": 146, "fields": {"session": 16, "skill": 7, "question_text": "What is Bootstrap primarily used for in web development?", "options": {"A": "Backend database management", "B": "Developing responsive, mobile-first frontend web projects", "C": "Server-side scripting and API creation", "D": "Optimizing server performance"}, "correct_option": "B", "difficulty": "Medium"}}, {"model": "learning.assessmentquestion", "pk": 147, "fields": {"session": 16, "skill": 7, "question_text": "Which of the following Bootstrap classes is used to create a responsive container that expands to 100% width across all breakpoints?", "options": {"A": "`.container`", "B": "`.container-fluid`", "C": "`.row`", "D": "`.col`"}, "correct_option": "B", "difficulty": "Medium"}}, {"model": "learning.assessmentquestion", "pk": 148, "fields": {"session": 16, "skill": 7, "question_text": "In Bootstrap's grid system, a single row can be divided into a maximum of how many columns by default?", "options": {"A": "6", "B": "8", "C": "10", "D": "12"}, "correct_option": "D", "difficulty": "Medium"}}, {"model": "learning.assessmentquestion", "pk": 149, "fields": {"session": 16, "skill": 7, "question_text": "Which Bootstrap utility class would you use to add a margin of size 3 only to the top and bottom of an element?", "options": {"A": "`m-3`", "B": "`my-3`", "C": "`mx-3`", "D": "`mt-3 mb-3`"}, "correct_option": "B", "difficulty": "Medium"}}, {"model": "learning.assessmentquestion", "pk": 150, "fields": {"session": 16, "skill": 7, "question_text": "How do you typically include Bootstrap's compiled CSS in your HTML file?", "options": {"A": "Using a `<script>` tag with a `src` attribute pointing to the CSS file.", "B": "Using a `<link>` tag with `rel=\"stylesheet\"` and an `href` attribute pointing to the CSS file.", "C": "Embedding the CSS directly within a `<style>` tag in the `<body>`.", "D": "It is automatically included if you use Bootstrap's JavaScript."}, "correct_option": "B", "difficulty": "Medium"}}, {"model": "learning.assessmentquestion", "pk": 151, "fields": {"session": 16, "skill": 7, "question_text": "Which of the following is the primary purpose of Bootstrap's grid system?", "options": {"A": "To provide a responsive, mobile-first layout structure.", "B": "To animate elements on a webpage.", "C": "To manage server-side logic and database connections.", "D": "To create complex 3D graphics."}, "correct_option": "A", "difficulty": "Medium"}}, {"model": "learning.assessmentquestion", "pk": 152, "fields": {"session": 16, "skill": 7, "question_text": "How do you typically include Bootstrap's compiled CSS and JavaScript in an HTML project for development?", "options": {"A": "By embedding all CSS and JS directly within the HTML `<body>` tags.", "B": "By linking to a Content Delivery Network (CDN) or downloading and linking local files.", "C": "By using a proprietary Bootstrap compiler on the server.", "D": "By adding Bootstrap as a dependency in a Python virtual environment."}, "correct_option": "B", "difficulty": "Medium"}}, {"model": "learning.assessmentquestion", "pk": 153, "fields": {"session": 16, "skill": 7, "question_text": "Which Bootstrap class is commonly used to create a basic responsive navigation bar?", "options": {"A": "`<nav class='navigation-bar'>`", "B": "`<div class='menu-top'>`", "C": "`<nav class='navbar'>`", "D": "`<header class='header-nav'>`"}, "correct_option": "C", "difficulty": "Medium"}}, {"model": "learning.assessmentquestion", "pk": 154, "fields": {"session": 16, "skill": 7, "question_text": "In Bootstrap's grid system, which class prefix is used for defining column layouts specifically for 'medium' devices (typically tablets)?", "options": {"A": "`col-sm-`", "B": "`col-md-`", "C": "`col-lg-`", "D": "`col-xl-`"}, "correct_option": "B", "difficulty": "Medium"}}, {"model": "learning.assessmentquestion", "pk": 155, "fields": {"session": 16, "skill": 7, "question_text": "Which Bootstrap utility class would you use to add padding to all sides of an element?", "options": {"A": "`m-3` (margin)", "B": "`pt-3` (padding-top)", "C": "`px-3` (padding-left and padding-right)", "D": "`p-3` (padding all sides)"}, "correct_option": "D", "difficulty": "Medium"}}, {"model": "learning.assessmentquestion", "pk": 156, "fields": {"session": 18, "skill": 1, "question_text": "What is React.js primarily known for?", "options": {"A": "A backend framework for building APIs.", "B": "A JavaScript library for building user interfaces.", "C": "A database management system.", "D": "A server-side scripting language."}, "correct_option": "B", "difficulty": "Medium"}}, {"model": "learning.assessmentquestion", "pk": 157, "fields": {"session": 18, "skill": 1, "question_text": "What is JSX in React?", "options": {"A": "A special type of CSS for styling React components.", "B": "A JavaScript syntax extension that allows writing HTML-like code in JavaScript files.", "C": "A build tool used to compile React applications.", "D": "A testing framework for React components."}, "correct_option": "B", "difficulty": "Medium"}}, {"model": "learning.assessmentquestion", "pk": 158, "fields": {"session": 18, "skill": 1, "question_text": "In React, which mechanism is used to pass data from a parent component to a child component?", "options": {"A": "State", "B": "Refs", "C": "Props", "D": "Context API"}, "correct_option": "C", "difficulty": "Medium"}}, {"model": "learning.assessmentquestion", "pk": 159, "fields": {"session": 18, "skill": 1, "question_text": "Which React Hook is used to add state to functional components?", "options": {"A": "useEffect", "B": "useContext", "C": "useReducer", "D": "useState"}, "correct_option": "D", "difficulty": "Medium"}}, {"model": "learning.assessmentquestion", "pk": 160, "fields": {"session": 18, "skill": 1, "question_text": "What is the primary purpose of React's Virtual DOM?", "options": {"A": "To directly manipulate the browser's DOM for faster updates.", "B": "To provide a backup of the actual DOM in case of errors.", "C": "To efficiently update the UI by comparing two versions of the UI and only updating the necessary parts of the real DOM.", "D": "To compile JSX into regular JavaScript."}, "correct_option": "C", "difficulty": "Medium"}}, {"model": "learning.assessmentquestion", "pk": 161, "fields": {"session": 18, "skill": 2, "question_text": "What will `typeof null` evaluate to in JavaScript?", "options": {"A": "null", "B": "undefined", "C": "object", "D": "number"}, "correct_option": "C", "difficulty": "Medium"}}, {"model": "learning.assessmentquestion", "pk": 162, "fields": {"session": 18, "skill": 2, "question_text": "Which of the following is the correct way to handle potential errors in a JavaScript Promise chain?", "options": {"A": "promise.catch(errorCallback)", "B": "promise.error(errorCallback)", "C": "promise.fail(errorCallback)", "D": "promise.exception(errorCallback)"}, "correct_option": "A", "difficulty": "Medium"}}, {"model": "learning.assessmentquestion", "pk": 163, "fields": {"session": 18, "skill": 2, "question_text": "What is the primary difference between `let` and `var` for declaring variables in JavaScript?", "options": {"A": "`let` declarations are hoisted, `var` declarations are not.", "B": "`let` is block-scoped, `var` is function-scoped.", "C": "`let` allows re-declaration in the same scope, `var` does not.", "D": "`let` variables can be reassigned, `var` variables cannot."}, "correct_option": "B", "difficulty": "Medium"}}, {"model": "learning.assessmentquestion", "pk": 164, "fields": {"session": 18, "skill": 2, "question_text": "Which JavaScript array method creates a new array with the results of calling a provided function on every element in the calling array?", "options": {"A": "`forEach()`", "B": "`filter()`", "C": "`reduce()`", "D": "`map()`"}, "correct_option": "D", "difficulty": "Medium"}}, {"model": "learning.assessmentquestion", "pk": 165, "fields": {"session": 18, "skill": 2, "question_text": "In JavaScript strict mode, if a function is called without an explicit context (e.g., `myFunction()`), what will `this` refer to inside that function?", "options": {"A": "The global object (e.g., `window` in browsers).", "B": "`undefined`.", "C": "An empty object `{}`.", "D": "The function itself."}, "correct_option": "B", "difficulty": "Medium"}}, {"model": "learning.assessmentquestion", "pk": 166, "fields": {"session": 18, "skill": 3, "question_text": "What does MVT stand for in the context of Django's architectural pattern?", "options": {"A": "Model-View-Template", "B": "Model-ViewModel-Template", "C": "MVC-Template", "D": "Main-View-Test"}, "correct_option": "A", "difficulty": "Medium"}}, {"model": "learning.assessmentquestion", "pk": 167, "fields": {"session": 18, "skill": 3, "question_text": "Which Django component is responsible for mapping Python objects to database tables and vice-versa, allowing interaction with the database using Python code?", "options": {"A": "Django Forms", "B": "Django Templates", "C": "Django ORM", "D": "Django Views"}, "correct_option": "C", "difficulty": "Medium"}}, {"model": "learning.assessmentquestion", "pk": 168, "fields": {"session": 18, "skill": 3, "question_text": "In Django, which file is primarily used to define URL patterns that map incoming HTTP requests to corresponding view functions or class-based views?", "options": {"A": "`models.py`", "B": "`settings.py`", "C": "`urls.py`", "D": "`views.py`"}, "correct_option": "C", "difficulty": "Medium"}}, {"model": "learning.assessmentquestion", "pk": 169, "fields": {"session": 18, "skill": 3, "question_text": "To create a form in Django that is directly tied to a model and can automatically generate fields and handle validation based on that model, which class should you inherit from?", "options": {"A": "`forms.Form`", "B": "`forms.ModelForm`", "C": "`forms.Widget`", "D": "`forms.Field`"}, "correct_option": "B", "difficulty": "Medium"}}, {"model": "learning.assessmentquestion", "pk": 170, "fields": {"session": 18, "skill": 3, "question_text": "What is a primary benefit of Django's built-in Admin interface?", "options": {"A": "It automatically generates a public-facing website for all users.", "B": "It enforces a specific frontend JavaScript framework for the project.", "C": "It provides an instant, production-ready interface for managing model data with minimal coding.", "D": "It serves as the main debugging tool for all Python errors."}, "correct_option": "C", "difficulty": "Medium"}}, {"model": "learning.assessmentquestion", "pk": 171, "fields": {"session": 18, "skill": 4, "question_text": "Which of the following is a fundamental characteristic of a RESTful API's client-server interaction?", "options": {"A": "Stateful sessions are maintained by the server for each client.", "B": "The server stores the client's session state between requests.", "C": "Each request from the client to the server must contain all information necessary to understand the request, making it stateless.", "D": "Clients and servers maintain a persistent, open connection for all transactions."}, "correct_option": "C", "difficulty": "Medium"}}, {"model": "learning.assessmentquestion", "pk": 172, "fields": {"session": 18, "skill": 4, "question_text": "Which HTTP method is typically used to create a new resource on the server in a RESTful API?", "options": {"A": "GET", "B": "PUT", "C": "POST", "D": "DELETE"}, "correct_option": "C", "difficulty": "Medium"}}, {"model": "learning.assessmentquestion", "pk": 173, "fields": {"session": 18, "skill": 4, "question_text": "In REST architecture, how are resources uniquely identified?", "options": {"A": "By a unique session ID assigned by the server.", "B": "By a Uniform Resource Identifier (URI).", "C": "By an API key provided in the request header.", "D": "By the HTTP method used in the request."}, "correct_option": "B", "difficulty": "Medium"}}, {"model": "learning.assessmentquestion", "pk": 174, "fields": {"session": 18, "skill": 4, "question_text": "Which of the following is NOT a commonly used data format for exchanging information in REST APIs?", "options": {"A": "JSON (JavaScript Object Notation)", "B": "XML (Extensible Markup Language)", "C": "HTML (HyperText Markup Language)", "D": "YAML (YAML Ain't Markup Language)"}, "correct_option": "C", "difficulty": "Medium"}}, {"model": "learning.assessmentquestion", "pk": 175, "fields": {"session": 18, "skill": 4, "question_text": "What does HATEOAS stand for in the context of RESTful APIs?", "options": {"A": "Hypertext Asynchronous Transfer Of Application State", "B": "Hypermedia As The Engine Of Application State", "C": "Hypertext Application Transfer Over Asynchronous Systems", "D": "High-level API for Transactional Operation And Security"}, "correct_option": "B", "difficulty": "Medium"}}, {"model": "learning.assessmentquestion", "pk": 176, "fields": {"session": 18, "skill": 5, "question_text": "Which SQL statement is used to retrieve data from a database?", "options": {"A": "EXTRACT", "B": "GET", "C": "SELECT", "D": "OPEN"}, "correct_option": "C", "difficulty": "Medium"}}, {"model": "learning.assessmentquestion", "pk": 177, "fields": {"session": 18, "skill": 5, "question_text": "Which type of JOIN returns all rows from the left table, and the matching rows from the right table? If there is no match, NULL is returned for the right table's columns.", "options": {"A": "INNER JOIN", "B": "RIGHT JOIN", "C": "FULL OUTER JOIN", "D": "LEFT JOIN"}, "correct_option": "D", "difficulty": "Medium"}}, {"model": "learning.assessmentquestion", "pk": 178, "fields": {"session": 18, "skill": 5, "question_text": "What is the purpose of the `GROUP BY` clause in a SQL `SELECT` statement?", "options": {"A": "To filter rows before any aggregation.", "B": "To sort the result set by one or more columns.", "C": "To combine rows that have the same values in specified columns into summary rows.", "D": "To join multiple tables together."}, "correct_option": "C", "difficulty": "Medium"}}, {"model": "learning.assessmentquestion", "pk": 179, "fields": {"session": 18, "skill": 5, "question_text": "Which of the following is a DDL (Data Definition Language) command?", "options": {"A": "INSERT", "B": "UPDATE", "C": "CREATE TABLE", "D": "SELECT"}, "correct_option": "C", "difficulty": "Medium"}}, {"model": "learning.assessmentquestion", "pk": 180, "fields": {"session": 18, "skill": 5, "question_text": "In SQL, what does the `HAVING` clause primarily do?", "options": {"A": "Filters individual rows before they are grouped.", "B": "Filters rows based on conditions applied to aggregate functions.", "C": "Defines the columns to be included in the result set.", "D": "Orders the final result set."}, "correct_option": "B", "difficulty": "Medium"}}, {"model": "learning.assessmentquestion", "pk": 181, "fields": {"session": 17, "skill": 1, "question_text": "What is JSX in React?", "options": {"A": "A JavaScript XML syntax extension that allows writing HTML-like code in JavaScript.", "B": "A special type of JavaScript file used only for styling components.", "C": "A method for directly manipulating the browser's DOM.", "D": "A JavaScript library for managing application state."}, "correct_option": "A", "difficulty": "Medium"}}, {"model": "learning.assessmentquestion", "pk": 182, "fields": {"session": 17, "skill": 1, "question_text": "Which React Hook is used to add state to functional components?", "options": {"A": "useState", "B": "useEffect", "C": "useContext", "D": "useReducer"}, "correct_option": "A", "difficulty": "Medium"}}, {"model": "learning.assessmentquestion", "pk": 183, "fields": {"session": 17, "skill": 1, "question_text": "How do you pass data from a parent component to a child component in React?", "options": {"A": "Using component state directly in the child.", "B": "Through props.", "C": "By accessing the parent's data via global variables.", "D": "Using the `ref` attribute on the child component."}, "correct_option": "B", "difficulty": "Medium"}}, {"model": "learning.assessmentquestion", "pk": 184, "fields": {"session": 17, "skill": 1, "question_text": "What is the primary purpose of React's Virtual DOM?", "options": {"A": "To provide a direct interface for network requests.", "B": "To optimize UI updates by comparing previous and current UI states.", "C": "To store the application's global state.", "D": "To enable server-side rendering for all React applications."}, "correct_option": "B", "difficulty": "Medium"}}, {"model": "learning.assessmentquestion", "pk": 185, "fields": {"session": 17, "skill": 1, "question_text": "Which React Hook is primarily used for handling side effects like data fetching, subscriptions, or manually changing the DOM?", "options": {"A": "useState", "B": "useCallback", "C": "useMemo", "D": "useEffect"}, "correct_option": "D", "difficulty": "Medium"}}, {"model": "learning.assessmentquestion", "pk": 186, "fields": {"session": 17, "skill": 1, "question_text": "What is JSX in React?", "options": {"A": "A JavaScript extension for writing HTML-like code within JavaScript.", "B": "A state management library for React applications.", "C": "A build tool used to compile React code.", "D": "A server-side rendering technique for React components."}, "correct_option": "A", "difficulty": "Medium"}}, {"model": "learning.assessmentquestion", "pk": 187, "fields": {"session": 17, "skill": 1, "question_text": "Which of the following is the primary way to pass data from a parent component to a child component in React?", "options": {"A": "State", "B": "Props", "C": "Context", "D": "Refs"}, "correct_option": "B", "difficulty": "Medium"}}, {"model": "learning.assessmentquestion", "pk": 188, "fields": {"session": 17, "skill": 1, "question_text": "Which React Hook is used to add state to functional components?", "options": {"A": "useContext", "B": "useReducer", "C": "useState", "D": "useEffect"}, "correct_option": "C", "difficulty": "Medium"}}, {"model": "learning.assessmentquestion", "pk": 189, "fields": {"session": 17, "skill": 1, "question_text": "What is the main purpose of the `useEffect` Hook in React?", "options": {"A": "To create a new context for data sharing across components.", "B": "To perform side effects in functional components, such as data fetching or subscriptions.", "C": "To optimize component rendering performance by memoizing values.", "D": "To define custom hooks that can be reused in multiple components."}, "correct_option": "B", "difficulty": "Medium"}}, {"model": "learning.assessmentquestion", "pk": 190, "fields": {"session": 17, "skill": 1, "question_text": "What does the term 'Virtual DOM' refer to in React?", "options": {"A": "A direct manipulation of the browser's DOM elements.", "B": "A lightweight copy of the actual DOM, kept in memory, which React uses to optimize updates.", "C": "A server-side rendering technique for React applications.", "D": "A specialized tool for debugging React component trees."}, "correct_option": "B", "difficulty": "Medium"}}, {"model": "learning.assessmentquestion", "pk": 191, "fields": {"session": 17, "skill": 6, "question_text": "What is the primary decorator used to define a component in Angular?", "options": {"A": "@Component", "B": "@Module", "C": "@Injectable", "D": "@Directive"}, "correct_option": "A", "difficulty": "Medium"}}, {"model": "learning.assessmentquestion", "pk": 192, "fields": {"session": 17, "skill": 6, "question_text": "Which syntax is used for property binding in Angular to pass data from a component property to an HTML element's input property?", "options": {"A": "{{ propertyName }}", "B": "(propertyName)", "C": "[propertyName]", "D": "[(propertyName)]"}, "correct_option": "C", "difficulty": "Medium"}}, {"model": "learning.assessmentquestion", "pk": 193, "fields": {"session": 17, "skill": 6, "question_text": "In a typical Angular application, what is the purpose of the `bootstrap` array within the `@NgModule` decorator of the root module?", "options": {"A": "To declare all pipes, directives, and components that belong to this module.", "B": "To import other Angular modules whose exported classes are needed by component templates in this module.", "C": "To specify the component(s) that should be bootstrapped (loaded first) when the application starts.", "D": "To register services that should be available throughout the application."}, "correct_option": "C", "difficulty": "Medium"}}, {"model": "learning.assessmentquestion", "pk": 194, "fields": {"session": 17, "skill": 6, "question_text": "What is the main purpose of the `@Injectable()` decorator in Angular, especially when used with `providedIn: 'root'`?", "options": {"A": "To mark a class as an Angular component.", "B": "To declare a class as a template-driven form.", "C": "To declare a class as a service that can be injected into other components or services, making it a singleton available application-wide.", "D": "To define a new structural directive."}, "correct_option": "C", "difficulty": "Medium"}}, {"model": "learning.assessmentquestion", "pk": 195, "fields": {"session": 17, "skill": 6, "question_text": "Which Angular directive is used as a placeholder to display routed components based on the current URL?", "options": {"A": "*ngIf", "B": "routerLink", "C": "ng-content", "D": "router-outlet"}, "correct_option": "D", "difficulty": "Medium"}}, {"model": "learning.assessmentquestion", "pk": 226, "fields": {"session": 22, "skill": 12, "question_text": "Which Azure construct is a logical container for resources that share a common lifecycle, permissions, or billing?", "options": {"A": "Azure Subscription", "B": "Azure Resource Group", "C": "Azure Management Group", "D": "Azure Region"}, "correct_option": "B", "difficulty": "Medium"}}, {"model": "learning.assessmentquestion", "pk": 227, "fields": {"session": 22, "skill": 12, "question_text": "Which Azure compute service is best suited for hosting web applications, REST APIs, and mobile backends without managing the underlying infrastructure?", "options": {"A": "Azure Virtual Machines", "B": "Azure Container Instances", "C": "Azure Kubernetes Service (AKS)", "D": "Azure App Service"}, "correct_option": "D", "difficulty": "Medium"}}, {"model": "learning.assessmentquestion", "pk": 228, "fields": {"session": 22, "skill": 12, "question_text": "You need to store large amounts of unstructured data, such as images, videos, and backup files, in Azure. Which storage service would be most appropriate?", "options": {"A": "Azure Table Storage", "B": "Azure File Storage", "C": "Azure Blob Storage", "D": "Azure Queue Storage"}, "correct_option": "C", "difficulty": "Medium"}}, {"model": "learning.assessmentquestion", "pk": 229, "fields": {"session": 22, "skill": 12, "question_text": "What is the fundamental building block for your private network in Azure, allowing you to securely connect many types of Azure resources to each other and to on-premises networks?", "options": {"A": "Azure Load Balancer", "B": "Azure DNS", "C": "Azure Virtual Network (VNet)", "D": "Azure Application Gateway"}, "correct_option": "C", "difficulty": "Medium"}}, {"model": "learning.assessmentquestion", "pk": 230, "fields": {"session": 22, "skill": 12, "question_text": "Which Azure service provides identity and access management capabilities, allowing users to sign in and access cloud applications and resources, and also integrates with on-premises Active Directory?", "options": {"A": "Azure Policy", "B": "Azure Security Center", "C": "Azure Active Directory (Azure AD)", "D": "Azure Key Vault"}, "correct_option": "C", "difficulty": "Medium"}}, {"model": "learning.assessmentquestion", "pk": 231, "fields": {"session": 22, "skill": 12, "question_text": "Which Azure service is considered a Platform-as-a-Service (PaaS) offering, providing a fully managed platform for building, deploying, and scaling web apps without managing the underlying infrastructure?", "options": {"A": "Azure Virtual Machines (VMs)", "B": "Azure App Service", "C": "Azure Storage Account", "D": "Azure Virtual Network"}, "correct_option": "B", "difficulty": "Medium"}}, {"model": "learning.assessmentquestion", "pk": 232, "fields": {"session": 22, "skill": 12, "question_text": "Which Azure storage service is primarily used for storing large amounts of unstructured data, such as images, videos, and documents, and can be accessed via HTTP/HTTPS?", "options": {"A": "Azure Files", "B": "Azure Table Storage", "C": "Azure Blob Storage", "D": "Azure Queue Storage"}, "correct_option": "C", "difficulty": "Medium"}}, {"model": "learning.assessmentquestion", "pk": 233, "fields": {"session": 22, "skill": 12, "question_text": "You need to securely connect two Azure Virtual Networks (VNets) located in the same Azure region, allowing resources in both VNets to communicate directly using private IP addresses. Which networking feature would you use?", "options": {"A": "Azure VPN Gateway", "B": "Azure ExpressRoute", "C": "VNet Peering", "D": "Azure Firewall"}, "correct_option": "C", "difficulty": "Medium"}}, {"model": "learning.assessmentquestion", "pk": 234, "fields": {"session": 22, "skill": 12, "question_text": "Which Azure service provides identity and access management capabilities, allowing organizations to manage user identities, enable single sign-on (SSO), and enforce multi-factor authentication (MFA) for cloud applications?", "options": {"A": "Azure Security Center (now Defender for Cloud)", "B": "Azure Active Directory (Azure AD)", "C": "Azure Key Vault", "D": "Azure Monitor"}, "correct_option": "B", "difficulty": "Medium"}}, {"model": "learning.assessmentquestion", "pk": 235, "fields": {"session": 22, "skill": 12, "question_text": "Your company needs to ensure that all new virtual machines deployed in Azure adhere to specific naming conventions and resource tagging requirements, enforcing organizational standards. Which Azure service can help achieve this governance?", "options": {"A": "Azure Advisor", "B": "Azure Cost Management", "C": "Azure Policy", "D": "Azure Blueprints"}, "correct_option": "C", "difficulty": "Medium"}}, {"model": "learning.assessmentquestion", "pk": 236, "fields": {"session": 22, "skill": 13, "question_text": "What does CI primarily refer to in the context of CI/CD?", "options": {"A": "Continuous Integration", "B": "Code Inspection", "C": "Continuous Improvement", "D": "Cloud Infrastructure"}, "correct_option": "A", "difficulty": "Medium"}}, {"model": "learning.assessmentquestion", "pk": 237, "fields": {"session": 22, "skill": 13, "question_text": "Which of the following is a primary benefit of implementing Continuous Delivery (CD)?", "options": {"A": "Manual testing of every feature", "B": "Faster and more reliable software releases", "C": "Isolated development environments for each developer", "D": "Elimination of version control systems"}, "correct_option": "B", "difficulty": "Medium"}}, {"model": "learning.assessmentquestion", "pk": 238, "fields": {"session": 22, "skill": 13, "question_text": "Which of the following tools is commonly used to automate CI/CD pipelines?", "options": {"A": "Microsoft Word", "B": "Adobe Photoshop", "C": "Jenkins", "D": "Google Sheets"}, "correct_option": "C", "difficulty": "Medium"}}, {"model": "learning.assessmentquestion", "pk": 239, "fields": {"session": 22, "skill": 13, "question_text": "What is the key difference between Continuous Delivery and Continuous Deployment?", "options": {"A": "Continuous Delivery focuses on testing, while Continuous Deployment focuses on coding.", "B": "Continuous Delivery requires manual approval for deployment to production, while Continuous Deployment automates this step entirely.", "C": "Continuous Delivery is for frontend applications, Continuous Deployment is for backend.", "D": "Continuous Delivery is an older concept, Continuous Deployment is its modern replacement."}, "correct_option": "B", "difficulty": "Medium"}}, {"model": "learning.assessmentquestion", "pk": 240, "fields": {"session": 22, "skill": 13, "question_text": "Which practice is fundamental to Continuous Integration (CI)?", "options": {"A": "Integrating code only once a month", "B": "Avoiding automated tests", "C": "Developers frequently merging their code changes into a central repository", "D": "Deploying every code change directly to production without testing"}, "correct_option": "C", "difficulty": "Medium"}}, {"model": "learning.assessmentquestion", "pk": 241, "fields": {"session": 22, "skill": 13, "question_text": "What is the primary goal of Continuous Integration (CI)?", "options": {"A": "To automatically deploy code to production after every commit.", "B": "To frequently integrate code changes from multiple developers and run automated tests.", "C": "To manually review all code changes before merging to the main branch.", "D": "To generate detailed reports on application performance in production."}, "correct_option": "B", "difficulty": "Medium"}}, {"model": "learning.assessmentquestion", "pk": 242, "fields": {"session": 22, "skill": 13, "question_text": "What is the key distinction between Continuous Delivery and Continuous Deployment?", "options": {"A": "Continuous Delivery requires a manual approval step before deploying to production, while Continuous Deployment automates the entire process up to production.", "B": "Continuous Delivery focuses on testing activities, whereas Continuous Deployment focuses solely on the build process.", "C": "Continuous Delivery is only applicable to microservices architectures, while Continuous Deployment is for monolithic applications.", "D": "Continuous Delivery means deploying daily, while Continuous Deployment means deploying weekly."}, "correct_option": "A", "difficulty": "Medium"}}, {"model": "learning.assessmentquestion", "pk": 243, "fields": {"session": 22, "skill": 13, "question_text": "Which of the following is a primary benefit of implementing a robust CI/CD pipeline?", "options": {"A": "Eliminating the need for a version control system like Git.", "B": "Significantly reducing the time to market for new features and bug fixes.", "C": "Increasing the amount of manual testing required before each release.", "D": "Limiting the number of developers who can contribute to a project simultaneously."}, "correct_option": "B", "difficulty": "Medium"}}, {"model": "learning.assessmentquestion", "pk": 244, "fields": {"session": 22, "skill": 13, "question_text": "In a typical CI/CD pipeline, what is the main purpose of the 'build' stage?", "options": {"A": "To deploy the application directly to a production environment.", "B": "To compile source code, resolve dependencies, run unit tests, and create deployable artifacts.", "C": "To gather user feedback on newly released features in a live environment.", "D": "To roll back a faulty deployment to a previous stable version."}, "correct_option": "B", "difficulty": "Medium"}}, {"model": "learning.assessmentquestion", "pk": 245, "fields": {"session": 22, "skill": 13, "question_text": "What is an 'artifact' in the context of a CI/CD pipeline?", "options": {"A": "A detailed log file generated during the testing phase of the pipeline.", "B": "The compiled, packaged, and deployable output (e.g., JAR, WAR, Docker image) of a successful build process.", "C": "A script used exclusively for configuring the CI/CD server itself.", "D": "The source code repository where all project files are stored."}, "correct_option": "B", "difficulty": "Medium"}}, {"model": "learning.assessmentquestion", "pk": 246, "fields": {"session": 22, "skill": 14, "question_text": "What is the smallest deployable unit that Kubernetes can create and manage?", "options": {"A": "Node", "B": "Pod", "C": "Deployment", "D": "Service"}, "correct_option": "B", "difficulty": "Medium"}}, {"model": "learning.assessmentquestion", "pk": 247, "fields": {"session": 22, "skill": 14, "question_text": "Which Kubernetes component is responsible for watching for newly created Pods and assigning them to a Node?", "options": {"A": "Kubelet", "B": "Kube-proxy", "C": "Kube-scheduler", "D": "API Server"}, "correct_option": "C", "difficulty": "Medium"}}, {"model": "learning.assessmentquestion", "pk": 248, "fields": {"session": 22, "skill": 14, "question_text": "Which `kubectl` command would you use to apply a configuration defined in a YAML file named `my-app.yaml`?", "options": {"A": "`kubectl get -f my-app.yaml`", "B": "`kubectl create -f my-app.yaml`", "C": "`kubectl apply -f my-app.yaml`", "D": "`kubectl run -f my-app.yaml`"}, "correct_option": "C", "difficulty": "Medium"}}, {"model": "learning.assessmentquestion", "pk": 249, "fields": {"session": 22, "skill": 14, "question_text": "What is the primary function of a Kubernetes Service?", "options": {"A": "To ensure that a specified number of Pod replicas are running at all times.", "B": "To manage persistent storage volumes for stateful applications.", "C": "To enable network access to a set of Pods, providing a stable IP address and DNS name.", "D": "To perform health checks and restart failed containers within a Pod."}, "correct_option": "C", "difficulty": "Medium"}}, {"model": "learning.assessmentquestion", "pk": 250, "fields": {"session": 22, "skill": 14, "question_text": "Which of the following describes a Kubernetes Node?", "options": {"A": "A logical grouping of Pods under a single IP address.", "B": "A request for a specific amount and access mode of storage.", "C": "A worker machine (physical or virtual) in a Kubernetes cluster.", "D": "A declarative update to Pods and ReplicaSets."}, "correct_option": "C", "difficulty": "Medium"}}, {"model": "learning.assessmentquestion", "pk": 251, "fields": {"session": 22, "skill": 14, "question_text": "What is the primary purpose of Kubernetes?", "options": {"A": "To manage virtual machines on a single host.", "B": "To automate the deployment, scaling, and management of containerized applications.", "C": "To develop serverless functions without managing infrastructure.", "D": "To provide a continuous integration and continuous delivery (CI/CD) pipeline."}, "correct_option": "B", "difficulty": "Medium"}}, {"model": "learning.assessmentquestion", "pk": 252, "fields": {"session": 22, "skill": 14, "question_text": "What is the smallest deployable unit in Kubernetes that encapsulates one or more containers, storage resources, a unique network IP, and options that govern how the containers run?", "options": {"A": "Node", "B": "Deployment", "C": "Pod", "D": "Service"}, "correct_option": "C", "difficulty": "Medium"}}, {"model": "learning.assessmentquestion", "pk": 253, "fields": {"session": 22, "skill": 14, "question_text": "Which `kubectl` command is used to view all running Pods in the current namespace?", "options": {"A": "`kubectl get nodes`", "B": "`kubectl describe pod <pod-name>`", "C": "`kubectl get pods`", "D": "`kubectl logs <pod-name>`"}, "correct_option": "C", "difficulty": "Medium"}}, {"model": "learning.assessmentquestion", "pk": 254, "fields": {"session": 22, "skill": 14, "question_text": "Which Kubernetes control plane component is responsible for maintaining the desired state of the cluster by running various controller processes?", "options": {"A": "Kube-scheduler", "B": "Kube-proxy", "C": "Kube-controller-manager", "D": "Kubelet"}, "correct_option": "C", "difficulty": "Medium"}}, {"model": "learning.assessmentquestion", "pk": 255, "fields": {"session": 22, "skill": 14, "question_text": "To expose an application running on a set of Pods to external network traffic, which Kubernetes resource would you typically use?", "options": {"A": "ConfigMap", "B": "Secret", "C": "Deployment", "D": "Service"}, "correct_option": "D", "difficulty": "Medium"}}, {"model": "learning.assessmentquestion", "pk": 256, "fields": {"session": 24, "skill": 3, "question_text": "Which architectural pattern does Django primarily follow, often referred to as MTV?", "options": {"A": "Model-View-Controller", "B": "Model-View-ViewModel", "C": "Model-Template-View", "D": "Model-Presenter-View"}, "correct_option": "C", "difficulty": "Medium"}}, {"model": "learning.assessmentquestion", "pk": 257, "fields": {"session": 24, "skill": 3, "question_text": "How does Django allow developers to interact with database records using Python objects instead of raw SQL queries?", "options": {"A": "Through its built-in Object-Relational Mapper (ORM)", "B": "By embedding SQL directly within template files", "C": "Using a separate database client application", "D": "By requiring custom database connectors for each model"}, "correct_option": "A", "difficulty": "Medium"}}, {"model": "learning.assessmentquestion", "pk": 258, "fields": {"session": 24, "skill": 3, "question_text": "In a Django project, which file is typically used to define URL patterns and map them to view functions or class-based views?", "options": {"A": "settings.py", "B": "models.py", "C": "views.py", "D": "urls.py"}, "correct_option": "D", "difficulty": "Medium"}}, {"model": "learning.assessmentquestion", "pk": 259, "fields": {"session": 24, "skill": 3, "question_text": "What is the primary purpose of Django's templating engine?", "options": {"A": "To define database schema migrations", "B": "To handle URL routing configurations", "C": "To render dynamic HTML, XML, or other content", "D": "To manage user authentication and authorization"}, "correct_option": "C", "difficulty": "Medium"}}, {"model": "learning.assessmentquestion", "pk": 260, "fields": {"session": 24, "skill": 3, "question_text": "What is a significant benefit of using Django's built-in Forms component?", "options": {"A": "It automatically generates the entire front-end UI without requiring HTML.", "B": "It provides robust tools for rendering forms, validating data, and handling user input securely.", "C": "It eliminates the need for any server-side validation, relying solely on client-side JavaScript.", "D": "It encrypts all data stored in the database by default, even sensitive information."}, "correct_option": "B", "difficulty": "Medium"}}, {"model": "learning.assessmentquestion", "pk": 261, "fields": {"session": 24, "skill": 3, "question_text": "Which file is primarily responsible for defining the database configuration, installed apps, and other global settings for a Django project?", "options": {"A": "views.py", "B": "urls.py", "C": "settings.py", "D": "models.py"}, "correct_option": "C", "difficulty": "Medium"}}, {"model": "learning.assessmentquestion", "pk": 262, "fields": {"session": 24, "skill": 3, "question_text": "In Django's ORM, how do you retrieve all objects from a model named `Product`?", "options": {"A": "Product.objects.all()", "B": "Product.all_objects()", "C": "Product.get_all()", "D": "Product.objects.get_all()"}, "correct_option": "A", "difficulty": "Medium"}}, {"model": "learning.assessmentquestion", "pk": 263, "fields": {"session": 24, "skill": 3, "question_text": "What is the primary purpose of a Django `view` function?", "options": {"A": "To define the database schema.", "B": "To handle HTTP requests and return HTTP responses.", "C": "To render static HTML files directly.", "D": "To manage project-wide settings."}, "correct_option": "B", "difficulty": "Medium"}}, {"model": "learning.assessmentquestion", "pk": 264, "fields": {"session": 24, "skill": 3, "question_text": "Which Django template tag is used to display the value of a variable named `user_name`?", "options": {"A": "{% var user_name %}", "B": "{{ user_name }}", "C": "<%= user_name %>", "D": "{{ var.user_name }}"}, "correct_option": "B", "difficulty": "Medium"}}, {"model": "learning.assessmentquestion", "pk": 265, "fields": {"session": 24, "skill": 3, "question_text": "In Django, where are the URL patterns defined that map specific URLs to view functions?", "options": {"A": "views.py", "B": "models.py", "C": "urls.py", "D": "forms.py"}, "correct_option": "C", "difficulty": "Medium"}}, {"model": "learning.assessmentquestion", "pk": 266, "fields": {"session": 24, "skill": 15, "question_text": "How do you define a route for the root URL ('/') that handles GET requests in a Flask application?", "options": {"A": "@app.route('/')", "B": "@app.get('/')", "C": "@route('/')", "D": "app.add_url_rule('/', view_func=index_function)"}, "correct_option": "A", "difficulty": "Medium"}}, {"model": "learning.assessmentquestion", "pk": 267, "fields": {"session": 24, "skill": 15, "question_text": "Which global object in Flask is used to access incoming request data, such as form parameters or query strings?", "options": {"A": "request", "B": "response", "C": "session", "D": "g"}, "correct_option": "A", "difficulty": "Medium"}}, {"model": "learning.assessmentquestion", "pk": 268, "fields": {"session": 24, "skill": 15, "question_text": "What function is typically used in Flask to render an HTML template located in the 'templates' folder?", "options": {"A": "render_template()", "B": "display_template()", "C": "show_template()", "D": "load_template()"}, "correct_option": "A", "difficulty": "Medium"}}, {"model": "learning.assessmentquestion", "pk": 269, "fields": {"session": 24, "skill": 15, "question_text": "To enable session management in Flask, which configuration variable is absolutely essential to set for security reasons?", "options": {"A": "SESSION_COOKIE_NAME", "B": "SECRET_KEY", "C": "SESSION_TYPE", "D": "PERMANENT_SESSION_LIFETIME"}, "correct_option": "B", "difficulty": "Medium"}}, {"model": "learning.assessmentquestion", "pk": 270, "fields": {"session": 24, "skill": 15, "question_text": "In Flask, what is the purpose of the `url_for()` function?", "options": {"A": "To redirect the user to an external URL.", "B": "To construct a URL to a specific function or static file.", "C": "To retrieve the current URL of the request.", "D": "To define a new URL routing rule."}, "correct_option": "B", "difficulty": "Medium"}}, {"model": "learning.assessmentquestion", "pk": 271, "fields": {"session": 24, "skill": 15, "question_text": "What type of web framework is Flask primarily considered?", "options": {"A": "Full-stack framework", "B": "Microframework", "C": "ORM framework", "D": "Asynchronous framework"}, "correct_option": "B", "difficulty": "Medium"}}, {"model": "learning.assessmentquestion", "pk": 272, "fields": {"session": 24, "skill": 15, "question_text": "Which decorator is used to associate a URL with a view function in Flask?", "options": {"A": "@app.url_for()", "B": "@app.route('/path')", "C": "@app.add_route('/path')", "D": "@app.view('/path')"}, "correct_option": "B", "difficulty": "Medium"}}, {"model": "learning.assessmentquestion", "pk": 273, "fields": {"session": 24, "skill": 15, "question_text": "Which global object in Flask provides access to incoming request data (e.g., form data, URL parameters)?", "options": {"A": "session", "B": "g", "C": "request", "D": "current_app"}, "correct_option": "C", "difficulty": "Medium"}}, {"model": "learning.assessmentquestion", "pk": 274, "fields": {"session": 24, "skill": 15, "question_text": "Which function is typically used in Flask to render an HTML template and pass data to it?", "options": {"A": "send_file()", "B": "render_template()", "C": "jsonify()", "D": "redirect()"}, "correct_option": "B", "difficulty": "Medium"}}, {"model": "learning.assessmentquestion", "pk": 275, "fields": {"session": 24, "skill": 15, "question_text": "What is the primary purpose of Flask Blueprints?", "options": {"A": "To define the application's configuration.", "B": "To manage database connections.", "C": "To organize related routes, templates, and static files into reusable components.", "D": "To handle user authentication and authorization."}, "correct_option": "C", "difficulty": "Medium"}}, {"model": "learning.assessmentquestion", "pk": 276, "fields": {"session": 24, "skill": 16, "question_text": "What is the primary function of Generative AI models?", "options": {"A": "To create new, original content such as images, text, or audio.", "B": "To classify data into predefined categories.", "C": "To analyze and identify patterns in existing datasets.", "D": "To store and retrieve large volumes of information efficiently."}, "correct_option": "A", "difficulty": "Medium"}}, {"model": "learning.assessmentquestion", "pk": 277, "fields": {"session": 24, "skill": 16, "question_text": "Which of the following is a common type of Generative AI model primarily used for generating realistic images?", "options": {"A": "Generative Adversarial Network (GAN)", "B": "Support Vector Machine (SVM)", "C": "K-Means Clustering", "D": "Logistic Regression"}, "correct_option": "A", "difficulty": "Medium"}}, {"model": "learning.assessmentquestion", "pk": 278, "fields": {"session": 24, "skill": 16, "question_text": "In the context of Large Language Models (LLMs), what does 'prompt engineering' refer to?", "options": {"A": "The process of designing and refining input queries to get desired outputs from the model.", "B": "The method of training a model on new datasets.", "C": "The architecture design of a neural network.", "D": "The evaluation metric used to assess model performance."}, "correct_option": "A", "difficulty": "Medium"}}, {"model": "learning.assessmentquestion", "pk": 279, "fields": {"session": 24, "skill": 16, "question_text": "What is a significant challenge or ethical concern often associated with Generative AI?", "options": {"A": "The potential for generating biased, misleading, or factually incorrect content (hallucinations).", "B": "Their inability to process different modalities of data (e.g., text and images).", "C": "The high cost of storing generated data.", "D": "Lack of computational power required for training."}, "correct_option": "A", "difficulty": "Medium"}}, {"model": "learning.assessmentquestion", "pk": 280, "fields": {"session": 24, "skill": 16, "question_text": "Which application best demonstrates the capability of Generative AI?", "options": {"A": "Creating a unique, AI-generated song based on a user's textual description.", "B": "Sorting emails into 'important' and 'spam' folders.", "C": "Detecting anomalies in network traffic patterns.", "D": "Predicting stock market fluctuations based on historical data."}, "correct_option": "A", "difficulty": "Medium"}}, {"model": "learning.assessmentquestion", "pk": 281, "fields": {"session": 24, "skill": 16, "question_text": "What is the primary characteristic that distinguishes Generative AI from traditional discriminative AI?", "options": {"A": "Its ability to classify data into predefined categories.", "B": "Its ability to create novel, original content or data.", "C": "Its focus on analyzing existing data for insights.", "D": "Its exclusive use of supervised learning techniques."}, "correct_option": "B", "difficulty": "Medium"}}, {"model": "learning.assessmentquestion", "pk": 282, "fields": {"session": 24, "skill": 16, "question_text": "Which of the following is NOT a typical application of Generative AI?", "options": {"A": "Generating realistic images from text descriptions.", "B": "Creating human-like text responses in chatbots.", "C": "Predicting stock market fluctuations based on historical data.", "D": "Composing original music pieces."}, "correct_option": "C", "difficulty": "Medium"}}, {"model": "learning.assessmentquestion", "pk": 283, "fields": {"session": 24, "skill": 16, "question_text": "Which neural network architecture has been foundational in the recent advancements of large language models (LLMs) within Generative AI?", "options": {"A": "Recurrent Neural Networks (RNNs)", "B": "Convolutional Neural Networks (CNNs)", "C": "Transformers", "D": "Support Vector Machines (SVMs)"}, "correct_option": "C", "difficulty": "Medium"}}, {"model": "learning.assessmentquestion", "pk": 284, "fields": {"session": 24, "skill": 16, "question_text": "Generative AI models, especially large language models, are typically trained on what kind of datasets?", "options": {"A": "Small, highly curated, labeled datasets for specific tasks.", "B": "Massive, diverse, and often unlabeled datasets from the internet.", "C": "Real-time sensor data streams for immediate anomaly detection.", "D": "Synthetic datasets generated entirely by other AI models."}, "correct_option": "B", "difficulty": "Medium"}}, {"model": "learning.assessmentquestion", "pk": 285, "fields": {"session": 24, "skill": 16, "question_text": "Which of the following is a significant ethical concern associated with the widespread use of Generative AI?", "options": {"A": "Its inability to process large volumes of data efficiently.", "B": "The potential for generating misinformation or deepfakes.", "C": "Its high cost of deployment on cloud infrastructure.", "D": "The lack of explainability in its decision-making process."}, "correct_option": "B", "difficulty": "Medium"}}, {"model": "learning.assessmentquestion", "pk": 286, "fields": {"session": 26, "skill": 17, "question_text": "What is the output of the following Python code?\n\nx = [1, 2, 3]\nprint(type(x))", "options": {"A": "<class 'int'>", "B": "<class 'str'>", "C": "<class 'list'>", "D": "<class 'tuple'>"}, "correct_option": "C", "difficulty": "Medium"}}, {"model": "learning.assessmentquestion", "pk": 287, "fields": {"session": 26, "skill": 17, "question_text": "What will be printed by the following Python code?\n\ncount = 0\nfor i in range(3):\n    count += i\nprint(count)", "options": {"A": "0", "B": "1", "C": "2", "D": "3"}, "correct_option": "D", "difficulty": "Medium"}}, {"model": "learning.assessmentquestion", "pk": 288, "fields": {"session": 26, "skill": 17, "question_text": "Consider the following Python function:\n\ndef greet(name):\n    return f\"Hello, {name}!\"\n\nWhat will be the output of `print(greet(\"Alice\"))`?", "options": {"A": "Hello, name!", "B": "Hello, Alice!", "C": "greet(Alice)", "D": "None"}, "correct_option": "B", "difficulty": "Medium"}}, {"model": "learning.assessmentquestion", "pk": 289, "fields": {"session": 26, "skill": 17, "question_text": "Given the Python dictionary:\n\nmy_dict = {\"apple\": 1, \"banana\": 2, \"cherry\": 3}\n\nWhat is the value of `my_dict[\"banana\"]`?", "options": {"A": "1", "B": "2", "C": "3", "D": "\"banana\""}, "correct_option": "B", "difficulty": "Medium"}}, {"model": "learning.assessmentquestion", "pk": 290, "fields": {"session": 26, "skill": 17, "question_text": "Which of the following is the correct way to define a simple class named 'Car' with an instance attribute 'color' initialized in its constructor?", "options": {"A": "class Car:\n    def __init__(self, color):\n        self.color = color", "B": "class Car:\n    color = ''\n    def __init__(self, color):\n        self.color = color", "C": "class Car(color):\n    pass", "D": "def Car(color):\n    self.color = color"}, "correct_option": "A", "difficulty": "Medium"}}, {"model": "learning.assessmentquestion", "pk": 291, "fields": {"session": 26, "skill": 18, "question_text": "What is the output of the following code snippet?", "options": {"A": "0, 1, 2 (each printed after 1ms)", "B": "3, 3, 3 (each printed after 1ms)", "C": "Error: i is not defined", "D": "undefined, undefined, undefined"}, "correct_option": "B", "difficulty": "Medium"}}, {"model": "learning.assessmentquestion", "pk": 292, "fields": {"session": 26, "skill": 18, "question_text": "What will be logged to the console when `func()` is called twice?", "options": {"A": "1, then 1", "B": "1, then 2", "C": "0, then 1", "D": "Error: counter is not defined"}, "correct_option": "B", "difficulty": "Medium"}}, {"model": "learning.assessmentquestion", "pk": 293, "fields": {"session": 26, "skill": 18, "question_text": "Which of the following is the correct way to handle multiple Promises and execute a callback when ALL of them have resolved?", "options": {"A": "Promise.race([p1, p2]).then(callback)", "B": "Promise.any([p1, p2]).then(callback)", "C": "Promise.all([p1, p2]).then(callback)", "D": "Promise.resolve([p1, p2]).then(callback)"}, "correct_option": "C", "difficulty": "Medium"}}, {"model": "learning.assessmentquestion", "pk": 294, "fields": {"session": 26, "skill": 18, "question_text": "What does `this` refer to in an arrow function defined globally (not inside an object method or regular function)?", "options": {"A": "The function's parent scope", "B": "The global object (e.g., `window` in browsers, `globalThis` elsewhere)", "C": "`undefined`", "D": "An empty object `{}`"}, "correct_option": "B", "difficulty": "Medium"}}, {"model": "learning.assessmentquestion", "pk": 295, "fields": {"session": 26, "skill": 18, "question_text": "What will be the value of `result` after executing the following code?", "options": {"A": "[2, 4, 6]", "B": "[1, 2, 3, 1, 2, 3]", "C": "undefined", "D": "[1, 2, 3]"}, "correct_option": "A", "difficulty": "Medium"}}, {"model": "learning.assessmentquestion", "pk": 296, "fields": {"session": 26, "skill": 19, "question_text": "Which data type in PostgreSQL is optimized for storing and querying JSON documents efficiently?", "options": {"A": "JSON", "B": "TEXT", "C": "JSONB", "D": "VARCHAR"}, "correct_option": "C", "difficulty": "Medium"}}, {"model": "learning.assessmentquestion", "pk": 297, "fields": {"session": 26, "skill": 19, "question_text": "Which SQL command is used to make all changes in the current transaction permanent in PostgreSQL?", "options": {"A": "SAVEPOINT", "B": "ROLLBACK", "C": "COMMIT", "D": "END TRANSACTION"}, "correct_option": "C", "difficulty": "Medium"}}, {"model": "learning.assessmentquestion", "pk": 298, "fields": {"session": 26, "skill": 19, "question_text": "Which type of index is generally best suited for full-text search operations on text columns in PostgreSQL?", "options": {"A": "B-tree index", "B": "Hash index", "C": "GIN index", "D": "GiST index"}, "correct_option": "C", "difficulty": "Medium"}}, {"model": "learning.assessmentquestion", "pk": 299, "fields": {"session": 26, "skill": 19, "question_text": "What SQL construct allows you to define different output values based on various conditions within a SELECT statement in PostgreSQL?", "options": {"A": "IF/THEN/ELSE", "B": "WHILE loop", "C": "CASE expression", "D": "SWITCH statement"}, "correct_option": "C", "difficulty": "Medium"}}, {"model": "learning.assessmentquestion", "pk": 300, "fields": {"session": 26, "skill": 19, "question_text": "How can you insert a row into a table, or update it if a row with a conflicting unique key already exists, in a single SQL statement in PostgreSQL?", "options": {"A": "Using MERGE statement", "B": "Using INSERT ... ON CONFLICT DO UPDATE", "C": "Using UPDATE OR INSERT", "D": "Using REPLACE INTO"}, "correct_option": "B", "difficulty": "Medium"}}, {"model": "learning.assessmentquestion", "pk": 301, "fields": {"session": 27, "skill": 3, "question_text": "What architecture pattern does Django primarily follow?", "options": {"A": "MVC (Model-View-Controller)", "B": "MTV (Model-Template-View)", "C": "MVVM (Model-View-ViewModel)", "D": "MVP (Model-View-Presenter)"}, "correct_option": "B", "difficulty": "Medium"}}, {"model": "learning.assessmentquestion", "pk": 302, "fields": {"session": 27, "skill": 3, "question_text": "Which function is typically used in `urls.py` to define a URL pattern for modern Django applications (3.0+)?", "options": {"A": "`url()`", "B": "`route()`", "C": "`path()`", "D": "`urlpatterns()`"}, "correct_option": "C", "difficulty": "Medium"}}, {"model": "learning.assessmentquestion", "pk": 303, "fields": {"session": 27, "skill": 3, "question_text": "In Django's ORM, which type of field is best suited for storing a sequence of unique, incrementing integers as a primary key by default?", "options": {"A": "CharField", "B": "IntegerField", "C": "AutoField", "D": "UUIDField"}, "correct_option": "C", "difficulty": "Medium"}}, {"model": "learning.assessmentquestion", "pk": 304, "fields": {"session": 27, "skill": 3, "question_text": "To render an HTML template with context data from within a Django view, which helper function is commonly used?", "options": {"A": "`HttpResponse()`", "B": "`redirect()`", "C": "`render()`", "D": "`JsonResponse()`"}, "correct_option": "C", "difficulty": "Medium"}}, {"model": "learning.assessmentquestion", "pk": 305, "fields": {"session": 27, "skill": 3, "question_text": "What Django template tag is used to load custom template tags and filters from an installed app within a template file?", "options": {"A": "{% include %}", "B": "{% extends %}", "C": "{% load %}", "D": "{% static %}"}, "correct_option": "C", "difficulty": "Medium"}}, {"model": "learning.assessmentquestion", "pk": 306, "fields": {"session": 27, "skill": 2, "question_text": "Which JavaScript keyword is used to declare a variable that can be reassigned but not re-declared within the same scope?", "options": {"A": "var", "B": "const", "C": "let", "D": "static"}, "correct_option": "C", "difficulty": "Medium"}}, {"model": "learning.assessmentquestion", "pk": 307, "fields": {"session": 27, "skill": 2, "question_text": "What is the primary purpose of a JavaScript Promise?", "options": {"A": "To declare a constant value that cannot be changed.", "B": "To manage asynchronous operations, representing a value that may be available now, or in the future, or never.", "C": "To create a new thread for parallel execution.", "D": "To handle synchronous operations in a non-blocking way."}, "correct_option": "B", "difficulty": "Medium"}}, {"model": "learning.assessmentquestion", "pk": 308, "fields": {"session": 27, "skill": 2, "question_text": "What will `typeof null` evaluate to in JavaScript?", "options": {"A": "\"null\"", "B": "\"undefined\"", "C": "\"object\"", "D": "\"number\""}, "correct_option": "C", "difficulty": "Medium"}}, {"model": "learning.assessmentquestion", "pk": 309, "fields": {"session": 27, "skill": 2, "question_text": "Which array method creates a new array by calling a provided function on every element in the calling array?", "options": {"A": "forEach()", "B": "filter()", "C": "reduce()", "D": "map()"}, "correct_option": "D", "difficulty": "Medium"}}, {"model": "learning.assessmentquestion", "pk": 310, "fields": {"session": 27, "skill": 2, "question_text": "What is a JavaScript closure?", "options": {"A": "A special type of object that stores key-value pairs.", "B": "A function having access to its outer scope's variables even after the outer function has finished executing.", "C": "A way to prevent variables from being garbage collected.", "D": "A mechanism to share private variables between multiple functions."}, "correct_option": "B", "difficulty": "Medium"}}, {"model": "learning.assessmentquestion", "pk": 311, "fields": {"session": 27, "skill": 19, "question_text": "Which PostgreSQL command is essential for reclaiming storage occupied by dead tuples and updating statistics, especially after many UPDATEs and DELETEs?", "options": {"A": "ANALYZE", "B": "REINDEX", "C": "VACUUM", "D": "OPTIMIZE"}, "correct_option": "C", "difficulty": "Medium"}}, {"model": "learning.assessmentquestion", "pk": 312, "fields": {"session": 27, "skill": 19, "question_text": "What is the primary advantage of using the `JSONB` data type over `JSON` in PostgreSQL?", "options": {"A": "`JSONB` stores data as plain text, while `JSON` stores it in binary.", "B": "`JSONB` allows for more complex data structures, `JSON` does not.", "C": "`JSONB` stores data in a decomposed binary format, making it more efficient for querying and indexing, though potentially slower for input.", "D": "`JSONB` automatically validates JSON schema, `JSON` does not."}, "correct_option": "C", "difficulty": "Medium"}}, {"model": "learning.assessmentquestion", "pk": 313, "fields": {"session": 27, "skill": 19, "question_text": "What mechanism does PostgreSQL primarily use to provide concurrency control, allowing multiple transactions to access the same data without blocking each other?", "options": {"A": "Two-phase locking (2PL)", "B": "Multi-Version Concurrency Control (MVCC)", "C": "Optimistic Concurrency Control (OCC)", "D": "Single-Version Concurrency Control (SVCC)"}, "correct_option": "B", "difficulty": "Medium"}}, {"model": "learning.assessmentquestion", "pk": 314, "fields": {"session": 27, "skill": 19, "question_text": "Which of the following PostgreSQL index types is most suitable for indexing `JSONB` data for efficient searching of keys and values within the JSON document (e.g., using `?` or `@>` operators)?", "options": {"A": "B-Tree", "B": "GiST", "C": "GIN", "D": "BRIN"}, "correct_option": "C", "difficulty": "Medium"}}, {"model": "learning.assessmentquestion", "pk": 315, "fields": {"session": 27, "skill": 19, "question_text": "To view the execution plan of a query and also execute the query to show actual runtime statistics (like total time, rows produced, buffer usage), which command should be used in PostgreSQL?", "options": {"A": "EXPLAIN", "B": "EXPLAIN VERBOSE", "C": "EXPLAIN ANALYZE", "D": "SHOW PLAN"}, "correct_option": "C", "difficulty": "Medium"}}, {"model": "learning.assessmentquestion", "pk": 316, "fields": {"session": 28, "skill": 3, "question_text": "What type of framework is Django primarily known as?", "options": {"A": "A JavaScript frontend framework", "B": "A full-stack Python web framework", "C": "A desktop application framework", "D": "A data science library"}, "correct_option": "B", "difficulty": "Medium"}}, {"model": "learning.assessmentquestion", "pk": 317, "fields": {"session": 28, "skill": 3, "question_text": "In Django, what does ORM stand for and what is its primary function?", "options": {"A": "Object-Routing Mechanism; handles URL dispatching.", "B": "Object-Relational Mapper; maps database tables to Python objects.", "C": "Operational Reporting Module; generates reports from application data.", "D": "Output Rendering Method; converts data into HTML templates."}, "correct_option": "B", "difficulty": "Medium"}}, {"model": "learning.assessmentquestion", "pk": 318, "fields": {"session": 28, "skill": 3, "question_text": "Which command is typically used to create a new Django project?", "options": {"A": "django create project <project_name>", "B": "python manage.py startproject <project_name>", "C": "django-admin startproject <project_name>", "D": "pip install project <project_name>"}, "correct_option": "C", "difficulty": "Medium"}}, {"model": "learning.assessmentquestion", "pk": 319, "fields": {"session": 28, "skill": 3, "question_text": "What architectural pattern does Django primarily follow, often described as its unique variant?", "options": {"A": "MVC (Model-View-Controller)", "B": "MVT (Model-View-Template)", "C": "MVP (Model-View-Presenter)", "D": "MVVM (Model-View-ViewModel)"}, "correct_option": "B", "difficulty": "Medium"}}, {"model": "learning.assessmentquestion", "pk": 320, "fields": {"session": 28, "skill": 3, "question_text": "What is the primary purpose of the `settings.py` file in a Django project?", "options": {"A": "To define database models and their relationships.", "B": "To declare URL patterns for the entire project.", "C": "To configure project-wide settings like database connections, installed apps, and static files paths.", "D": "To write business logic for views and forms."}, "correct_option": "C", "difficulty": "Medium"}}, {"model": "learning.assessmentquestion", "pk": 321, "fields": {"session": 28, "skill": 15, "question_text": "Which decorator is used in Flask to associate a URL with a view function?", "options": {"A": "@app.route()", "B": "@app.url_for()", "C": "@app.endpoint()", "D": "@app.view()"}, "correct_option": "A", "difficulty": "Medium"}}, {"model": "learning.assessmentquestion", "pk": 322, "fields": {"session": 28, "skill": 15, "question_text": "How do you access form data (e.g., from a POST request) in a Flask view function?", "options": {"A": "request.args.get('key')", "B": "request.form.get('key')", "C": "request.data.get('key')", "D": "request.json.get('key')"}, "correct_option": "B", "difficulty": "Medium"}}, {"model": "learning.assessmentquestion", "pk": 323, "fields": {"session": 28, "skill": 15, "question_text": "Which function is used to render an HTML template in Flask?", "options": {"A": "send_file('template.html')", "B": "display_template('template.html')", "C": "render_template('template.html')", "D": "load_template('template.html')"}, "correct_option": "C", "difficulty": "Medium"}}, {"model": "learning.assessmentquestion", "pk": 324, "fields": {"session": 28, "skill": 15, "question_text": "What is the primary purpose of a Flask Blueprint?", "options": {"A": "To define the overall application configuration.", "B": "To create a modular and reusable component that can be registered with a Flask application.", "C": "To manage database connections within the application.", "D": "To render HTML templates directly without view functions."}, "correct_option": "B", "difficulty": "Medium"}}, {"model": "learning.assessmentquestion", "pk": 325, "fields": {"session": 28, "skill": 15, "question_text": "To enable session management in Flask, what configuration variable must be set?", "options": {"A": "APP_SECRET", "B": "SESSION_KEY", "C": "SECRET_KEY", "D": "COOKIE_SECRET"}, "correct_option": "C", "difficulty": "Medium"}}, {"model": "learning.assessmentquestion", "pk": 326, "fields": {"session": 28, "skill": 16, "question_text": "What is the primary function of Generative AI?", "options": {"A": "Classifying existing data into predefined categories.", "B": "Predicting future trends based on historical data.", "C": "Creating new, original content or data that didn't exist before.", "D": "Optimizing algorithms for faster data processing."}, "correct_option": "C", "difficulty": "Medium"}}, {"model": "learning.assessmentquestion", "pk": 327, "fields": {"session": 28, "skill": 16, "question_text": "Which of the following is an example of content typically generated by a GenAI model?", "options": {"A": "A stock market prediction for the next quarter.", "B": "A photograph of a cat that does not exist in real life.", "C": "A label indicating whether an email is spam or not.", "D": "A recommendation for a product based on past purchases."}, "correct_option": "B", "difficulty": "Medium"}}, {"model": "learning.assessmentquestion", "pk": 328, "fields": {"session": 28, "skill": 16, "question_text": "Which architectural type is commonly used in state-of-the-art Generative AI models, especially for text and image generation?", "options": {"A": "Support Vector Machines (SVMs)", "B": "K-Nearest Neighbors (KNN)", "C": "Transformer networks", "D": "Decision Trees"}, "correct_option": "C", "difficulty": "Medium"}}, {"model": "learning.assessmentquestion", "pk": 329, "fields": {"session": 28, "skill": 16, "question_text": "How does Generative AI primarily differ from Discriminative AI?", "options": {"A": "Generative AI requires more training data than Discriminative AI.", "B": "Generative AI focuses on understanding data distribution to create new samples, while Discriminative AI focuses on classifying or predicting labels for given samples.", "C": "Discriminative AI can only process numerical data, while Generative AI can process all data types.", "D": "Generative AI models are always smaller and faster to train than Discriminative AI models."}, "correct_option": "B", "difficulty": "Medium"}}, {"model": "learning.assessmentquestion", "pk": 330, "fields": {"session": 28, "skill": 16, "question_text": "A significant challenge associated with Generative AI models is:", "options": {"A": "Their inability to process large datasets.", "B": "The potential for generating biased, misleading, or even harmful content.", "C": "They are exclusively used for text generation, limiting their utility.", "D": "The lack of available computational resources to train them."}, "correct_option": "B", "difficulty": "Medium"}}, {"model": "learning.assessmentquestion", "pk": 331, "fields": {"session": 28, "skill": 12, "question_text": "What is the primary purpose of an Azure Resource Group?", "options": {"A": "To define the geographical location where resources will be deployed.", "B": "To provide a logical container for Azure resources that share a common lifecycle.", "C": "To specify the billing account for all resources within it.", "D": "To automatically scale resources based on demand."}, "correct_option": "B", "difficulty": "Medium"}}, {"model": "learning.assessmentquestion", "pk": 332, "fields": {"session": 28, "skill": 12, "question_text": "Which Azure compute service is best suited for hosting web applications, REST APIs, and mobile backends with features like auto-scaling, deployment slots, and built-in CI/CD?", "options": {"A": "Azure Virtual Machines", "B": "Azure Kubernetes Service (AKS)", "C": "Azure App Service", "D": "Azure Functions"}, "correct_option": "C", "difficulty": "Medium"}}, {"model": "learning.assessmentquestion", "pk": 333, "fields": {"session": 28, "skill": 12, "question_text": "Which Azure storage service is designed for storing large amounts of unstructured object data, such as text or binary data, that can be accessed globally via HTTP or HTTPS?", "options": {"A": "Azure Files", "B": "Azure Disk Storage", "C": "Azure Table Storage", "D": "Azure Blob Storage"}, "correct_option": "D", "difficulty": "Medium"}}, {"model": "learning.assessmentquestion", "pk": 334, "fields": {"session": 28, "skill": 12, "question_text": "What is the fundamental building block for your private network in Azure, allowing many types of Azure resources to securely communicate with each other, the internet, and on-premises networks?", "options": {"A": "Azure Load Balancer", "B": "Azure Application Gateway", "C": "Azure Virtual Network (VNet)", "D": "Azure VPN Gateway"}, "correct_option": "C", "difficulty": "Medium"}}, {"model": "learning.assessmentquestion", "pk": 335, "fields": {"session": 28, "skill": 12, "question_text": "Which Azure service provides identity and access management capabilities for users, groups, and applications, supporting single sign-on (SSO) and multi-factor authentication (MFA)?", "options": {"A": "Azure Policy", "B": "Azure Security Center", "C": "Azure Active Directory (Azure AD)", "D": "Azure Monitor"}, "correct_option": "C", "difficulty": "Medium"}}, {"model": "learning.assessmentquestion", "pk": 336, "fields": {"session": 29, "skill": 12, "question_text": "What is the primary purpose of an Azure Resource Group?", "options": {"A": "To define the geographic location where resources are deployed.", "B": "To apply security policies uniformly across multiple subscriptions.", "C": "To logically group related Azure resources for easier management and lifecycle.", "D": "To provide a dedicated billing unit for specific departments."}, "correct_option": "C", "difficulty": "Medium"}}, {"model": "learning.assessmentquestion", "pk": 337, "fields": {"session": 29, "skill": 12, "question_text": "Which Azure service is best suited for hosting web applications, REST APIs, and mobile backends with automatic scaling and patching?", "options": {"A": "Azure Virtual Machines", "B": "Azure Kubernetes Service (AKS)", "C": "Azure Functions", "D": "Azure App Service"}, "correct_option": "D", "difficulty": "Medium"}}, {"model": "learning.assessmentquestion", "pk": 338, "fields": {"session": 29, "skill": 12, "question_text": "Which type of Azure Storage is ideal for storing unstructured data like images, videos, and large text files?", "options": {"A": "Azure File Share", "B": "Azure Table Storage", "C": "Azure Blob Storage", "D": "Azure Queue Storage"}, "correct_option": "C", "difficulty": "Medium"}}, {"model": "learning.assessmentquestion", "pk": 339, "fields": {"session": 29, "skill": 12, "question_text": "What is the primary service in Azure for managing user identities and access to resources, integrating with Microsoft 365 and other cloud apps?", "options": {"A": "Azure Security Center", "B": "Azure Active Directory", "C": "Azure Key Vault", "D": "Azure Policy"}, "correct_option": "B", "difficulty": "Medium"}}, {"model": "learning.assessmentquestion", "pk": 340, "fields": {"session": 29, "skill": 12, "question_text": "Which Azure networking component provides a secure and isolated network for your Azure resources, allowing them to communicate with each other and with on-premises networks?", "options": {"A": "Network Security Group (NSG)", "B": "Azure Load Balancer", "C": "Azure Virtual Network (VNet)", "D": "Azure VPN Gateway"}, "correct_option": "C", "difficulty": "Medium"}}, {"model": "learning.assessmentquestion", "pk": 341, "fields": {"session": 29, "skill": 13, "question_text": "What is the primary goal of a CI/CD pipeline?", "options": {"A": "To manually test software features before release.", "B": "To automate the process of building, testing, and deploying software.", "C": "To ensure all code is written by a single developer.", "D": "To replace version control systems entirely."}, "correct_option": "B", "difficulty": "Medium"}}, {"model": "learning.assessmentquestion", "pk": 342, "fields": {"session": 29, "skill": 13, "question_text": "Which of the following best describes the main principle of Continuous Integration (CI)?", "options": {"A": "Deploying every code change directly to production.", "B": "Merging code changes frequently into a central repository and verifying them with automated builds and tests.", "C": "Delivering features to users on demand.", "D": "Manually reviewing all code changes before integration."}, "correct_option": "B", "difficulty": "Medium"}}, {"model": "learning.assessmentquestion", "pk": 343, "fields": {"session": 29, "skill": 13, "question_text": "In the context of CI/CD, what does Continuous Delivery primarily enable?", "options": {"A": "The automatic deployment of every successful build to production.", "B": "The ability to release software to production at any time, though it requires a manual trigger.", "C": "The complete elimination of all manual testing.", "D": "The development of software without version control."}, "correct_option": "B", "difficulty": "Medium"}}, {"model": "learning.assessmentquestion", "pk": 344, "fields": {"session": 29, "skill": 13, "question_text": "What is the key distinction between Continuous Delivery and Continuous Deployment?", "options": {"A": "Continuous Delivery automates testing, while Continuous Deployment does not.", "B": "Continuous Deployment automates the release to production, while Continuous Delivery requires a manual step for production release.", "C": "Continuous Delivery focuses on integrating code, while Continuous Deployment focuses on releasing features.", "D": "Continuous Deployment only applies to microservices, while Continuous Delivery applies to monoliths."}, "correct_option": "B", "difficulty": "Medium"}}, {"model": "learning.assessmentquestion", "pk": 345, "fields": {"session": 29, "skill": 13, "question_text": "Which of the following is a significant benefit of implementing a robust CI/CD pipeline?", "options": {"A": "Increased time to detect and fix integration issues.", "B": "Slower release cycles and less frequent updates.", "C": "Improved software quality, faster feedback loops, and reduced risk during deployments.", "D": "Complete elimination of the need for human oversight in software development."}, "correct_option": "C", "difficulty": "Medium"}}, {"model": "learning.assessmentquestion", "pk": 346, "fields": {"session": 29, "skill": 14, "question_text": "What is Kubernetes primarily used for?", "options": {"A": "Managing virtual machines and physical servers.", "B": "Developing front-end web applications.", "C": "Orchestrating containerized applications for deployment, scaling, and management.", "D": "Building relational databases."}, "correct_option": "C", "difficulty": "Medium"}}, {"model": "learning.assessmentquestion", "pk": 347, "fields": {"session": 29, "skill": 14, "question_text": "Which of the following components is NOT part of the Kubernetes Control Plane (Master Node)?", "options": {"A": "kube-apiserver", "B": "etcd", "C": "kubelet", "D": "kube-scheduler"}, "correct_option": "C", "difficulty": "Medium"}}, {"model": "learning.assessmentquestion", "pk": 348, "fields": {"session": 29, "skill": 14, "question_text": "What is the smallest deployable unit in Kubernetes that encapsulates one or more containers, storage resources, a unique network IP, and options for how to run the containers?", "options": {"A": "Deployment", "B": "Service", "C": "ReplicaSet", "D": "Pod"}, "correct_option": "D", "difficulty": "Medium"}}, {"model": "learning.assessmentquestion", "pk": 349, "fields": {"session": 29, "skill": 14, "question_text": "Which Kubernetes object provides a stable IP address and DNS name for a set of Pods, acting as an abstraction for network access to the Pods?", "options": {"A": "Ingress", "B": "ConfigMap", "C": "Secret", "D": "Service"}, "correct_option": "D", "difficulty": "Medium"}}, {"model": "learning.assessmentquestion", "pk": 350, "fields": {"session": 29, "skill": 14, "question_text": "What Kubernetes feature automatically adjusts the number of Pod replicas in a Deployment or ReplicaSet based on observed CPU utilization or other custom metrics?", "options": {"A": "Vertical Pod Autoscaler", "B": "Horizontal Pod Autoscaler", "C": "Cluster Autoscaler", "D": "Node Autoscaler"}, "correct_option": "B", "difficulty": "Medium"}}, {"model": "learning.assessmentquestion", "pk": 351, "fields": {"session": 29, "skill": 20, "question_text": "Which of the following is the primary purpose of PowerApps?", "options": {"A": "To build custom business applications with low-code or no-code development.", "B": "To create complex data warehouses for large organizations.", "C": "To develop high-performance desktop applications using C#.", "D": "To perform advanced machine learning analysis on big data sets."}, "correct_option": "A", "difficulty": "Medium"}}, {"model": "learning.assessmentquestion", "pk": 352, "fields": {"session": 29, "skill": 20, "question_text": "Which type of PowerApps app allows developers to start with a blank canvas and design every aspect of the user interface?", "options": {"A": "Model-driven app", "B": "Portal app", "C": "Canvas app", "D": "Dataverse app"}, "correct_option": "C", "difficulty": "Medium"}}, {"model": "learning.assessmentquestion", "pk": 353, "fields": {"session": 29, "skill": 20, "question_text": "What is Power Fx in the context of PowerApps?", "options": {"A": "A cloud-based database service for storing app data.", "B": "The low-code formula language used to express logic and functionality in PowerApps.", "C": "A tool for integrating PowerApps with external APIs and web services.", "D": "A component for generating complex reports and dashboards from app data."}, "correct_option": "B", "difficulty": "Medium"}}, {"model": "learning.assessmentquestion", "pk": 354, "fields": {"session": 29, "skill": 20, "question_text": "Which of the following is a common data source that PowerApps can connect to?", "options": {"A": "Microsoft Dataverse", "B": "Oracle Database", "C": "SAP ERP", "D": "All of the above"}, "correct_option": "D", "difficulty": "Medium"}}, {"model": "learning.assessmentquestion", "pk": 355, "fields": {"session": 29, "skill": 20, "question_text": "When designing a Canvas app, which control is commonly used to display a list of items from a data source in a repeating layout?", "options": {"A": "Text input", "B": "Button", "C": "Gallery", "D": "Timer"}, "correct_option": "C", "difficulty": "Medium"}}, {"model": "learning.assessmentresult", "pk": 9, "fields": {"session": 16, "skill": 1, "score": 50}}, {"model": "learning.assessmentresult", "pk": 10, "fields": {"session": 16, "skill": 6, "score": 40}}, {"model": "learning.assessmentresult", "pk": 11, "fields": {"session": 16, "skill": 7, "score": 80}}, {"model": "learning.assessmentresult", "pk": 12, "fields": {"session": 18, "skill": 1, "score": 80}}, {"model": "learning.assessmentresult", "pk": 13, "fields": {"session": 18, "skill": 2, "score": 20}}, {"model": "learning.assessmentresult", "pk": 14, "fields": {"session": 18, "skill": 3, "score": 100}}, {"model": "learning.assessmentresult", "pk": 15, "fields": {"session": 18, "skill": 4, "score": 40}}, {"model": "learning.assessmentresult", "pk": 16, "fields": {"session": 18, "skill": 5, "score": 80}}, {"model": "learning.assessmentresult", "pk": 20, "fields": {"session": 22, "skill": 12, "score": 40}}, {"model": "learning.assessmentresult", "pk": 21, "fields": {"session": 22, "skill": 13, "score": 40}}, {"model": "learning.assessmentresult", "pk": 22, "fields": {"session": 22, "skill": 14, "score": 100}}, {"model": "learning.assessmentresult", "pk": 23, "fields": {"session": 24, "skill": 3, "score": 50}}, {"model": "learning.assessmentresult", "pk": 24, "fields": {"session": 24, "skill": 15, "score": 60}}, {"model": "learning.assessmentresult", "pk": 25, "fields": {"session": 24, "skill": 16, "score": 20}}, {"model": "learning.assessmentresult", "pk": 26, "fields": {"session": 26, "skill": 17, "score": 25}}, {"model": "learning.assessmentresult", "pk": 27, "fields": {"session": 26, "skill": 18, "score": 40}}, {"model": "learning.assessmentresult", "pk": 28, "fields": {"session": 26, "skill": 19, "score": 20}}, {"model": "learning.assessmentresult", "pk": 29, "fields": {"session": 28, "skill": 3, "score": 0}}, {"model": "learning.assessmentresult", "pk": 30, "fields": {"session": 28, "skill": 15, "score": 20}}, {"model": "learning.assessmentresult", "pk": 31, "fields": {"session": 28, "skill": 16, "score": 40}}, {"model": "learning.assessmentresult", "pk": 32, "fields": {"session": 28, "skill": 12, "score": 20}}, {"model": "learning.assessmentresult", "pk": 33, "fields": {"session": 29, "skill": 12, "score": 0}}, {"model": "learning.assessmentresult", "pk": 34, "fields": {"session": 29, "skill": 13, "score": 0}}, {"model": "learning.assessmentresult", "pk": 35, "fields": {"session": 29, "skill": 14, "score": 20}}, {"model": "learning.assessmentresult", "pk": 36, "fields": {"session": 29, "skill": 20, "score": 40}}, {"model": "learning.userprofile", "pk": 1, "fields": {"user": 2, "role": "ADMIN", "employee": null}}, {"model": "learning.userprofile", "pk": 7, "fields": {"user": 8, "role": "ADMIN", "employee": null}}, {"model": "learning.userprofile", "pk": 9, "fields": {"user": 10, "role": "EMPLOYEE", "employee": 5}}, {"model": "learning.userprofile", "pk": 10, "fields": {"user": 11, "role": "EMPLOYEE", "employee": 3}}, {"model": "learning.userprofile", "pk": 11, "fields": {"user": 12, "role": "EMPLOYEE", "employee": 7}}, {"model": "learning.userprofile", "pk": 12, "fields": {"user": 13, "role": "EMPLOYEE", "employee": 8}}]